Animal_ID,Epoch,Sleep_State,Tot_Mov,AVG_Amp,STDEV_Amp,AVG_Freq,STDEV_Freq,
AAL,0,Non-REM Sleep,15.5,2.45165953,0.989899442,1.676405302,0.421449717,
AAL,10,Non-REM Sleep,17,2.804167839,0.092278638,1.683030611,0.103835631,
AAL,20,Non-REM Sleep,16,2.662171281,0.10249563,1.623965118,0.063131983,
AAL,30,Non-REM Sleep,16.5,2.670464384,0.121901302,1.630216228,0.071085602,
AAL,40,Non-REM Sleep,16,2.688442696,0.080633313,1.619685658,0.085181423,
AAL,50,Non-REM Sleep,17,2.762925769,0.149713202,1.694983131,0.165989497,
AAL,60,Non-REM Sleep,16.5,2.681873032,0.128770477,1.627652301,0.112878961,
AAL,70,Non-REM Sleep,16.5,2.610343067,0.102162886,1.643717614,0.093969997,
AAL,80,Non-REM Sleep,16.5,2.644068003,0.144100282,1.693471682,0.178041271,
AAL,90,Non-REM Sleep,16.5,2.552816527,0.119167515,1.622471537,0.100110957,
AAL,100,Non-REM Sleep,16,2.466830131,0.084132858,1.596623057,0.085216163,
AAL,110,Non-REM Sleep,16,2.469532212,0.101248585,1.617615834,0.104275422,
AAL,120,Non-REM Sleep,16,2.394025933,0.099738344,1.605784668,0.110968468,
AAL,130,Non-REM Sleep,16,2.423199599,0.160613452,1.616092212,0.193320871,
AAL,140,Non-REM Sleep,16.5,1.29695337,0.139371335,1.65964039,0.196519796,
AAL,150,Non-REM Sleep,16.5,1.371480288,0.140376924,1.669591646,0.242225902,
AAL,160,Non-REM Sleep,16.5,1.355451994,0.533574516,1.723734633,0.959407752,
AAL,170,Non-REM Sleep,16,1.365694276,0.115052834,1.617406882,0.230668571,
AAL,180,Non-REM Sleep,16,1.309831069,0.100380529,1.601041722,0.096424445,
AAL,190,Non-REM Sleep,16.5,1.290599376,0.097580319,1.620819763,0.235272011,
AAL,200,Non-REM Sleep,16.5,1.333322721,0.20160925,1.650221024,0.182453349,
AAL,210,Non-REM Sleep,16,1.316212748,0.130227285,1.613091528,0.092970807,
AAL,220,Non-REM Sleep,16,1.222169337,0.110394856,1.621755738,0.15781509,
AAL,230,Non-REM Sleep,16.5,1.165256376,0.243708281,1.692120107,0.932816033,
AAL,240,Non-REM Sleep,17.5,1.221409334,0.65471492,1.930611606,1.644696521,
AAL,250,Non-REM Sleep,18.5,0.661026694,0.327235765,1.90062057,0.179284785,
AAL,260,Non-REM Sleep,19.5,1.085845067,0.772076812,2.035990061,1.482286575,
AAL,270,Non-REM Sleep,17,1.250016006,0.565079422,1.755403114,0.364274499,
AAL,280,Non-REM Sleep,18,1.305961893,0.14027279,1.777892468,0.11861289,
AAL,290,Non-REM Sleep,17.5,1.350546727,0.068933111,1.769652923,0.09570906,
AAL,300,Non-REM Sleep,18,1.53183767,0.075132669,1.77389811,0.154258075,
AAL,310,Non-REM Sleep,17,1.554051351,0.083347715,1.742356325,0.123733468,
AAL,320,Non-REM Sleep,17.5,1.529037177,0.041239978,1.710916932,0.081134516,
AAL,330,Non-REM Sleep,16.5,1.501686313,0.05252535,1.687781609,0.076048906,
AAL,340,Non-REM Sleep,17.5,1.613733581,0.17391263,1.722279762,0.181508224,
AAL,350,Non-REM Sleep,16.5,1.615635266,0.12945923,1.653135723,0.107218568,
AAL,360,Non-REM Sleep,16,1.651222989,0.057185752,1.616782678,0.097994979,
AAL,370,Non-REM Sleep,15.5,1.60209062,0.100361026,1.536743533,0.184781365,
AAL,380,Non-REM Sleep,15,1.512647649,0.07902226,1.542733823,0.129372526,
AAL,390,Non-REM Sleep,15.5,1.442707478,0.043259332,1.507483654,0.08365682,
AAL,400,Non-REM Sleep,15.5,0.400888352,0.142174305,1.678865824,0.956872722,
AAL,410,Non-REM Sleep,16,0.381733447,0.02898907,1.564421366,0.123954903,
AAL,420,Non-REM Sleep,15,0.358479148,0.028433548,1.538151441,0.110525953,
AAL,430,Non-REM Sleep,15.5,0.350665008,0.026166112,1.54657324,0.10788953,
AAL,440,Non-REM Sleep,15.5,0.350310525,0.018790561,1.529132289,0.089943795,
AAL,450,Non-REM Sleep,15,0.521769465,0.655624061,1.683754808,0.985576334,
AAL,460,Non-REM Sleep,17,1.352766533,0.120106564,1.681551162,0.114017596,
AAL,470,Non-REM Sleep,17,1.35150326,0.108413199,1.72300291,0.132464716,
AAL,480,Non-REM Sleep,17,1.3712242,0.10787769,1.697314096,0.139866775,
AAL,490,Non-REM Sleep,17,1.317335051,0.102166898,1.681619027,0.121505524,
AAL,500,Non-REM Sleep,17,1.415542519,0.110639606,1.711436978,0.113416739,
AAL,510,Non-REM Sleep,17,1.46844666,0.181643731,1.70679683,0.159624346,
AAL,520,Non-REM Sleep,16.5,1.434816982,0.170447787,1.682569557,0.088143323,
AAL,530,Non-REM Sleep,17,1.472699501,0.103088393,1.675345646,0.125507427,
AAL,540,Non-REM Sleep,16.5,1.51130468,0.092183442,1.666774909,0.125506221,
AAL,550,Non-REM Sleep,16.5,1.538601991,0.09364493,1.660368294,0.08568511,
AAL,560,Non-REM Sleep,17,1.522555686,0.092019264,1.670076383,0.125060339,
AAL,570,Non-REM Sleep,16,1.463120324,0.108052743,1.643536711,0.116857463,
AAL,580,Non-REM Sleep,17,1.442351305,0.196869666,1.663119091,0.19435969,
AAL,590,Non-REM Sleep,18,1.143301075,0.322278036,1.892864139,1.231657546,
AAL,600,Non-REM Sleep,16.5,1.315900886,0.093489789,1.657921778,0.149884924,
AAL,610,Non-REM Sleep,15.5,1.250747541,0.063387107,1.570968247,0.080867916,
AAL,620,Non-REM Sleep,16,1.37361446,0.186872223,1.579551194,0.246659943,
AAL,630,Non-REM Sleep,15,1.1318069,0.111283244,1.514443779,0.09948704,
AAL,640,Non-REM Sleep,15,1.122899062,0.088793638,1.501708389,0.142334927,
AAL,650,Non-REM Sleep,14,1.330514026,0.378732128,1.474198486,0.496456557,
AAL,660,Non-REM Sleep,13.5,1.017207855,0.155846995,1.356905559,0.152794842,
AAL,670,Non-REM Sleep,15,0.81429636,0.126451889,1.501042658,0.251913767,
AAL,680,Non-REM Sleep,14.5,0.751852577,0.077358455,1.475441744,0.139369544,
AAL,690,Non-REM Sleep,15,0.744278411,0.071552652,1.486639233,0.125748577,
AAL,700,Non-REM Sleep,15,0.804496064,0.317054902,1.503073271,0.18896146,
AAL,710,Non-REM Sleep,14,0.81292411,0.419905866,1.485453282,0.255142445,
AAL,720,Non-REM Sleep,16.5,0.61888589,0.232347362,1.765755114,1.091071525,
AAL,730,Non-REM Sleep,16,0.59621096,0.234648674,1.583949438,0.23544331,
AAL,740,Non-REM Sleep,21,0.521327547,0.477069349,2.301040731,1.374157782,
AAL,750,Non-REM Sleep,18,0.343409662,0.240039222,2.012409132,1.426416876,
AAL,760,Non-REM Sleep,16,0.350260756,0.096559421,1.686681757,1.122975467,
AAL,770,Non-REM Sleep,15,0.326116361,0.028375225,1.498675871,0.097581216,
AAL,780,Non-REM Sleep,17.5,0.270716369,0.222578545,1.975904446,2.106984607,
AAL,790,Non-REM Sleep,18.5,0.621663995,0.478867323,1.878964157,0.592403073,
AAL,800,Non-REM Sleep,20,0.392416083,0.523074417,2.170909895,1.557775738,
AAL,810,Non-REM Sleep,17,0.505149433,0.032095556,1.719537703,0.102327344,
AAL,820,Non-REM Sleep,16.5,0.460963389,0.027365275,1.674158332,0.098506519,
AAL,830,Non-REM Sleep,17,0.59369662,0.538181677,1.756185108,0.766728383,
AAL,840,Non-REM Sleep,17.5,0.546064389,0.560715353,1.861602539,1.355555567,
AAL,850,Non-REM Sleep,17.5,0.521269137,0.193184269,1.785226258,0.790123681,
AAL,860,Non-REM Sleep,16,0.475544293,0.575943683,1.729900781,1.044130691,
AAL,870,Non-REM Sleep,15,0.405160811,0.046148511,1.506194472,0.165528493,
AAL,880,Non-REM Sleep,15,0.379609222,0.050559027,1.538275427,0.170815206,
AAL,890,Non-REM Sleep,15.5,0.437297987,0.050667229,1.510708302,0.10404158,
AAL,900,Non-REM Sleep,15,0.450696188,0.044715486,1.543342964,0.099783813,
AAL,910,Non-REM Sleep,16,0.485264988,0.083218316,1.574286434,0.241508423,
AAL,920,Non-REM Sleep,15,0.7016493,0.122111127,1.536410259,0.14201823,
AAL,930,Non-REM Sleep,16,0.689616579,0.098809151,1.585748132,0.484168443,
AAL,940,Non-REM Sleep,15,0.65823366,0.043924766,1.517272549,0.102110953,
AAL,950,Non-REM Sleep,15.5,0.584316988,0.036145052,1.527109704,0.102779666,
AAL,960,Non-REM Sleep,15.5,0.533997086,0.053459466,1.565048385,0.231512102,
AAL,970,Non-REM Sleep,15,0.210328121,0.053541863,1.524106343,0.143894052,
AAL,980,Non-REM Sleep,15.5,0.190984813,0.024981125,1.546757754,0.109288311,
AAL,990,Non-REM Sleep,15.5,0.199846055,0.078285807,1.569441079,0.292173881,
AAL,1000,Non-REM Sleep,15.5,0.158486639,0.022626248,1.535886265,0.098415157,
AAL,1010,Non-REM Sleep,16,0.157424321,0.041741996,1.871279049,2.210207924,
AAL,1010,REM Sleep,64,4.080883138,0.968278988,6.5392813,0.94832424,
AAL,1020,Non-REM Sleep,16,0.150352775,0.029489691,1.796854586,1.992241576,
AAL,1020,REM Sleep,68,4.648939132,2.096055565,7.192647746,1.973462106,
AAL,1030,Non-REM Sleep,24.5,0.243032697,0.306486423,2.589442683,1.015902118,
AAL,1030,REM Sleep,68,4.377053173,2.179998258,7.3001238,2.422957202,
AAL,1040,Non-REM Sleep,27.5,0.173590586,0.293885537,2.78408766,0.675406521,
AAL,1040,REM Sleep,68,4.393239553,2.098496178,7.346880065,1.929029234,
AAL,1050,Non-REM Sleep,25,0.175688182,0.254809949,2.66849881,1.11366543,
AAL,1050,REM Sleep,80,4.256198776,1.645294796,8.656001071,3.34818431,
AAL,1060,Non-REM Sleep,25.5,0.169371713,0.255439127,2.721790005,1.180421378,
AAL,1060,REM Sleep,80,3.883423692,1.128846065,8.350597723,1.859950343,
AAL,1070,Non-REM Sleep,22.5,0.191276282,0.222610839,2.507248197,1.454959312,
AAL,1070,REM Sleep,68,2.959293508,1.518486269,7.370444318,2.076763242,
AAL,1080,Non-REM Sleep,16.5,0.685359137,0.459577051,1.771670214,1.116302219,
AAL,1080,REM Sleep,74,4.246167878,1.520894454,7.869577311,2.248706072,
AAL,1090,Non-REM Sleep,15,0.681953988,0.07944889,1.522198938,0.316217818,
AAL,1090,REM Sleep,80,3.619208826,1.089964983,8.543699865,2.842474628,
AAL,1100,Non-REM Sleep,15,0.6798774,0.107043804,1.519239404,0.199462391,
AAL,1100,REM Sleep,82,4.241880967,0.897268956,8.639462393,1.983800462,
AAL,1110,Non-REM Sleep,15,0.673184303,0.093826304,1.500642598,0.181718938,
AAL,1110,REM Sleep,66,3.638480857,1.439539112,8.216737096,2.392748162,
AAL,1120,Non-REM Sleep,15,0.650106171,0.07140451,1.50242528,0.194409301,
AAL,1120,REM Sleep,64,4.325009713,0.749473167,6.672311638,1.211383452,
AAL,1130,Non-REM Sleep,15,0.628985616,0.067596201,1.494757139,0.136905773,
AAL,1130,REM Sleep,70,3.828688028,0.417486472,7.092332145,0.469352009,
AAL,1140,Non-REM Sleep,14.5,0.591918824,0.036231651,1.442492189,0.097002507,
AAL,1140,REM Sleep,66,3.310267798,0.331089916,6.574168175,0.415952122,
AAL,1150,Non-REM Sleep,14.5,0.58816067,0.151436572,1.514010902,0.652892911,
AAL,1150,REM Sleep,62,3.365227321,1.41039541,6.500698501,1.295884066,
AAL,1160,Non-REM Sleep,14.5,0.57607959,0.050020809,1.431532156,0.10591407,
AAL,1160,REM Sleep,66,4.217106715,2.391492091,7.085520908,2.161756288,
AAL,1170,Non-REM Sleep,15,0.673382761,0.23296644,1.543622822,0.355711248,
AAL,1170,REM Sleep,62,4.720545949,1.967597517,6.701998899,1.930895378,
AAL,1180,Non-REM Sleep,15.5,0.574221427,1.092752035,1.722110318,1.115565125,
AAL,1180,REM Sleep,68,4.219776293,1.769426129,7.229499482,1.974111692,
AAL,1190,Non-REM Sleep,15.5,0.518457168,0.086606892,1.518383394,0.196889037,
AAL,1190,REM Sleep,66,3.681171792,1.43189959,6.750472009,1.754587209,
AAL,1200,Non-REM Sleep,15,0.527283242,0.070391733,1.526119107,0.169789618,
AAL,1200,REM Sleep,68,3.442885773,1.733082154,7.69714745,2.300066698,
AAL,1210,Non-REM Sleep,15,0.488469237,0.035573061,1.49950501,0.078947893,
AAL,1210,REM Sleep,78,1.268124176,1.031915257,8.585276305,3.270118104,
AAL,1220,Non-REM Sleep,15,0.492517234,0.029698216,1.486052387,0.080309167,
AAL,1220,REM Sleep,80,1.25854802,1.014819454,9.618026471,4.676338678,
AAL,1230,Non-REM Sleep,15.5,0.528234617,0.058413764,1.55714102,0.119231859,
AAL,1230,REM Sleep,78,1.53380176,0.821924329,9.037409594,4.257143699,
AAL,1240,Non-REM Sleep,15,0.481497898,0.04309618,1.500579759,0.091547798,
AAL,1240,REM Sleep,72,2.200201637,0.686886724,7.228127953,1.067810269,
AAL,1250,Non-REM Sleep,14.5,0.461413064,0.030389127,1.456106752,0.078374188,
AAL,1250,REM Sleep,88,1.881241784,1.001569901,9.718398796,2.892252987,
AAL,1260,Non-REM Sleep,14.5,0.470278206,0.044831564,1.472564069,0.153346574,
AAL,1260,REM Sleep,90,1.619325621,1.424150043,10.04721768,4.027032405,
AAL,1270,Non-REM Sleep,15,0.489919247,0.022865512,1.486807564,0.113027844,
AAL,1270,REM Sleep,76,1.922947841,2.015975238,9.004748687,3.915689826,
AAL,1280,Non-REM Sleep,16,0.522583617,0.061126436,1.581521324,0.215752675,
AAL,1280,REM Sleep,102,0.573618749,0.560285848,11.36939199,3.96227292,
AAL,1290,Non-REM Sleep,15.5,0.633485304,0.476896026,1.568840451,0.281036904,
AAL,1290,REM Sleep,92,0.790860799,0.776302252,10.10243534,2.738571163,
AAL,1300,Non-REM Sleep,15,0.48432094,0.037410935,1.495089211,0.092340891,
AAL,1300,REM Sleep,96,1.002968956,1.021263464,10.64555533,3.598043239,
AAL,1310,Non-REM Sleep,15.5,0.531976884,0.04727915,1.567734583,0.161359738,
AAL,1310,REM Sleep,104,1.026416231,1.168468959,10.94988755,2.623622628,
AAL,1320,Non-REM Sleep,15,0.503410957,0.142651829,1.553103569,0.498221291,
AAL,1320,REM Sleep,98,1.310406813,1.451732816,10.32985222,2.232468669,
AAL,1330,Non-REM Sleep,14.5,0.465625779,0.112826464,1.499616941,0.860605308,
AAL,1330,REM Sleep,82,2.44605847,1.987708685,8.888522827,2.660278916,
AAL,1340,Non-REM Sleep,14,0.474116083,0.03089335,1.406337815,0.14950185,
AAL,1340,REM Sleep,52,1.494552146,0.36917345,5.389537227,1.63217809,
AAL,1350,Non-REM Sleep,14,0.501091533,0.029077857,1.413416318,0.081685063,
AAL,1350,REM Sleep,54,1.238308447,0.375552948,5.839585192,2.448795648,
AAL,1360,Non-REM Sleep,14,0.488779279,0.035423054,1.41136804,0.113390261,
AAL,1360,REM Sleep,58,1.088946175,0.376956108,5.906315726,1.129048565,
AAL,2130,WAKE,102,15.32157825,3.387225622,11.03071289,2.059211974,
AAL,2140,WAKE,81,10.6812332,6.340397658,10.09126198,3.446406831,
AAL,2150,WAKE,27,15.1486876,4.247844187,6.715635694,5.681398646,
AAL,2160,WAKE,69,11.23566805,9.001192932,10.21409156,9.192104487,
AAL,2170,WAKE,81,15.81163947,2.716034885,8.903489784,2.266564467,
AAL,2180,WAKE,84,10.71397239,5.019032986,9.923868907,3.107643102,
AAL,2190,WAKE,87,14.6392651,2.17894186,9.683526139,2.015323351,
AAL,2200,WAKE,93,7.860832112,4.427308473,10.65162932,3.215701183,
AAL,2210,WAKE,66,11.75549849,7.889544001,10.39097732,6.108577126,
AAL,2220,WAKE,96,4.904585768,5.621242217,10.8467457,4.944310456,
AAL,2230,WAKE,99,8.130700068,5.196986883,10.54821993,2.480456543,
AAL,2240,WAKE,60,11.37271547,7.531688308,9.714419646,5.349024565,
AAL,2250,WAKE,48,13.28136097,6.618569872,8.139270324,5.091753055,
AAL,2260,WAKE,105,7.921704777,3.747358429,10.99505116,2.297821627,
AAL,2270,WAKE,108,7.229243293,4.018993095,12.73189408,5.97375189,
AAL,2280,WAKE,99,4.183213752,3.243681131,10.77310412,5.24315163,
AAL,2290,WAKE,99,8.978988682,4.421340717,11.79436945,4.649835873,
AAL,2300,WAKE,111,6.098010897,5.522406767,13.41374529,5.154507477,
AAL,2310,WAKE,105,3.141061128,0.828110733,10.68759708,1.440301552,
AAL,2320,WAKE,87,3.958117116,4.312047945,9.662305828,3.085252348,
AAL,2330,WAKE,102,4.045494902,5.655010985,11.97854618,4.875727876,
AAL,2340,WAKE,108,7.37058464,5.448306831,12.59491518,4.126066223,
AAL,2350,WAKE,87,9.763785381,8.592712055,11.78234703,4.98400735,
AAL,2360,WAKE,66,9.495753105,7.071734159,11.5857196,6.959113314,
AAL,2370,WAKE,90,9.594006442,7.909705889,12.69790621,6.174327765,
AAL,2380,WAKE,66,13.15318455,6.447076474,9.786272973,5.371253561,
AAL,2390,WAKE,135,6.975681772,5.600275529,15.38193948,5.325474618,
AAL,2400,WAKE,126,6.550586428,5.55133045,14.94469141,6.277235009,
AAL,2410,WAKE,90,4.684682017,6.329592672,13.14102394,6.576092155,
AAL,2420,WAKE,108,7.427522212,5.794113603,14.67315666,6.049494378,
AAL,2430,WAKE,114,4.354464616,6.789737858,14.78997601,7.508601999,
AAL,2440,WAKE,126,4.914943914,5.530164611,14.56402773,5.722037152,
AAL,2450,WAKE,132,4.533965724,4.611547875,15.45214918,5.87284427,
AAL,2460,WAKE,132,4.770938465,3.335296855,15.09271819,6.1915827,
AAL,2470,WAKE,138,4.242237099,4.699790602,16.03644066,6.97107256,
AAL,2480,WAKE,123,5.02645701,5.707300163,13.91834765,5.049502423,
AAL,2490,WAKE,102,7.986058028,7.313036613,12.6986839,6.055970813,
AAL,2500,WAKE,111,7.489904531,6.12617609,13.10089085,4.904981901,
AAL,2510,WAKE,123,5.757097339,5.059693299,14.14526678,5.607042856,
AAL,2520,WAKE,126,4.533560219,6.429638135,15.29224136,6.204249412,
AAL,2530,WAKE,144,3.351948079,3.782354514,16.18473712,7.113201526,
AAL,2540,WAKE,129,5.100645742,5.988323854,15.97497342,9.359196845,
AAL,2550,WAKE,120,7.172357245,6.097602069,14.97163119,6.832889386,
AAL,2560,WAKE,120,4.063101475,5.074517421,13.48826518,5.133656642,
AAL,2570,WAKE,120,4.764414278,5.102457812,14.55776091,6.859012958,
AAL,2580,WAKE,87,9.103984769,6.976421318,13.21986977,6.490047236,
AAL,2590,WAKE,54,9.588420089,9.265998823,9.948445043,6.638165072,
AAL,2600,WAKE,96,7.145825798,6.250589213,12.01602118,5.246213066,
AAL,2610,WAKE,108,5.83924676,6.037416656,13.40531975,4.932013674,
AAL,2620,WAKE,123,8.050945149,5.580738439,14.23884934,4.724810229,
AAL,2630,WAKE,114,7.694061234,5.699286433,13.36536826,4.73377366,
AAL,2640,WAKE,147,5.323099171,4.591006918,16.09277434,6.239689715,
AAL,2650,WAKE,81,10.63169508,6.337613973,11.26237887,4.847833949,
AAL,2660,WAKE,99,7.661101942,5.225903611,11.74962824,4.493219187,
AAL,2670,WAKE,96,6.525898184,5.54012409,9.995132187,2.792356266,
AAL,2680,WAKE,120,4.896432343,5.737529948,13.39549774,5.138358211,
AAL,2690,WAKE,93,7.259307081,7.683131424,12.68340936,6.159676133,
AAL,2700,WAKE,120,6.649108756,6.078341688,14.44832999,6.004285638,
AAL,2710,WAKE,153,3.171930119,3.130394654,17.33264132,7.003671078,
AAL,2720,WAKE,150,4.38242422,3.653857702,16.19630771,4.405493959,
AAL,2730,WAKE,159,3.123203896,1.93329861,16.69684298,4.746696289,
AAL,2740,WAKE,150,2.974981707,2.818957573,16.11822368,4.238042019,
AAL,2750,WAKE,138,3.50152971,1.972232589,14.16147818,2.352209155,
AAL,2760,WAKE,129,3.35551696,1.697254702,13.42767757,3.402552164,
AAL,2770,WAKE,135,4.499191177,3.012151324,15.02506403,5.659536576,
AAL,2780,WAKE,144,3.6131989,2.855599099,15.62761765,5.206437885,
AAL,2790,WAKE,99,8.203329637,6.90580977,13.03738665,5.547329615,
AAL,2800,WAKE,72,4.665550321,5.638107578,14.29655896,7.25828145,
AAL,2810,WAKE,123,0.976848503,1.466556109,14.35725723,5.512463032,
AAL,2820,WAKE,138,0.579626776,0.982319839,14.94558145,5.031431253,
AAL,2830,WAKE,111,1.207529849,4.113591732,15.38616679,7.389259404,
AAL,2840,WAKE,111,2.988438765,3.297622102,13.56473604,5.328602067,
AAL,2850,WAKE,114,3.386411263,4.902413897,13.70072577,6.064700003,
AAL,2860,WAKE,87,3.257047819,6.547145964,11.72045173,5.841666235,
AAL,2870,WAKE,99,4.956498612,7.217168136,13.71816844,6.991596322,
AAL,2880,WAKE,114,2.507003118,0.898237759,11.31401782,1.028802579,
AAL,2890,WAKE,105,5.287914876,7.001729406,12.69496917,5.464228413,
AAL,2900,WAKE,111,5.933443615,6.384671001,12.62831753,4.139106394,
AAL,2910,WAKE,105,6.370006636,5.730104122,13.6787166,6.865561085,
AAL,2920,WAKE,126,8.271858587,4.693020192,14.19846495,4.011172117,
AAL,2930,WAKE,138,7.419017247,4.731317034,14.15713518,2.597576706,
AAL,2940,WAKE,132,8.006098559,3.259508713,13.88688886,2.941323427,
AAL,2950,WAKE,147,5.797836103,3.777413011,15.34596149,3.510350701,
AAL,2960,WAKE,123,6.466687312,5.674088242,13.8947332,4.059170052,
AAL,2970,WAKE,123,3.598064867,5.125748034,13.59098179,3.953111575,
AAL,2980,WAKE,144,4.342474639,3.710643273,15.71131382,3.838574323,
AAL,2990,WAKE,144,5.719624122,3.983446376,14.90686267,2.953518421,
AAL,3000,WAKE,153,4.705436109,4.590112936,16.97691262,5.676367907,
AAL,3010,WAKE,135,6.228588705,4.204622966,14.44252964,4.717116862,
AAL,3020,WAKE,129,4.229944397,2.25837323,13.68964651,3.134374839,
AAL,3030,WAKE,135,6.022916976,4.431819645,14.18999689,3.11134006,
AAL,3040,WAKE,132,3.933217978,2.652332999,13.71393589,2.769111262,
AAL,3050,WAKE,141,2.963441619,2.208096837,15.2063411,4.788091,
AAL,3060,WAKE,141,2.865676502,2.717116138,14.88552992,3.73330135,
AAL,3070,WAKE,147,2.237567735,1.753359869,15.26368364,3.256754745,
AAL,3080,WAKE,153,2.432294136,2.067058644,16.08213485,3.135444948,
AAL,3090,WAKE,153,3.421519814,2.388392482,15.6594412,3.261244388,
AAL,3100,WAKE,141,3.599990063,1.545737561,14.62475636,2.177280639,
AAL,3110,WAKE,144,3.880863262,1.488670054,14.59655449,2.278705447,
AAL,3120,WAKE,144,3.576497661,1.53195875,14.86456424,2.409340184,
AAL,3130,WAKE,153,4.178268956,3.847226936,15.99554013,3.926151706,
AAL,3140,WAKE,129,2.560766593,2.324737284,14.59842848,7.428091359,
AAL,3150,WAKE,129,3.500516382,2.527964908,13.82428096,3.88216901,
AAL,3160,WAKE,138,3.977136553,2.257095531,14.0796141,1.781861728,
AAL,3170,WAKE,153,3.46933896,2.868185418,16.28878132,3.709978188,
AAL,3180,WAKE,129,8.579777965,5.228009676,13.85105005,3.268710543,
AAL,3190,WAKE,117,4.641416249,5.567884422,13.84812146,5.392855073,
AAL,3200,WAKE,123,6.791335965,5.690756457,13.55827181,4.407090494,
AAL,3210,WAKE,141,6.347758862,4.999923045,14.94471342,3.852407337,
AAL,3220,WAKE,147,5.228875713,3.024282044,15.47019042,4.329183135,
AAL,3230,WAKE,123,7.208894036,5.928511736,14.62022533,5.950545348,
AAL,3240,WAKE,105,6.918780252,6.120311644,13.24593249,6.528093614,
AAL,3250,WAKE,87,4.429404169,5.281590389,12.15869325,6.296784604,
AAL,3260,WAKE,117,0.380181912,0.502267406,13.58273933,4.580569738,
AAL,3270,WAKE,81,1.951318549,4.45854611,10.78900732,4.504637414,
AAL,3280,WAKE,102,5.221445104,6.68459845,12.09991049,5.407233896,
AAL,3290,WAKE,75,6.108825722,6.804987557,12.43377609,6.637469421,
AAL,3300,WAKE,87,6.609924261,6.285118747,13.2113452,6.441088307,
AAL,3310,WAKE,138,1.362856895,1.69669778,15.65271748,5.500242267,
AAL,3320,WAKE,114,2.837962206,5.723134424,14.1577082,7.151755886,
AAL,3330,WAKE,93,4.539325856,5.03818934,11.57533574,4.585058566,
AAL,3340,WAKE,105,1.684917159,2.674958004,11.79556662,3.632912815,
AAL,3350,WAKE,102,0.691653485,1.164240602,11.49494835,4.022311199,
AAL,3360,WAKE,105,0.420549492,0.820848483,11.84261818,4.00041015,
AAL,3370,WAKE,117,0.222296268,0.300622836,13.03062635,4.232599677,
AAL,3380,WAKE,105,0.321494367,0.262846914,11.70486124,3.902250838,
AAL,3390,WAKE,96,0.269137432,0.344685615,11.62735452,4.711173857,
AAL,3400,WAKE,108,0.809351753,1.273381161,12.44426007,5.657198302,
AAL,3410,WAKE,135,1.52388964,3.811180518,16.23985384,6.800335885,
AAL,3420,WAKE,108,1.688757782,2.492397199,11.99747116,4.143082844,
AAL,3430,WAKE,111,0.585574877,0.68440943,12.94056364,5.302457341,
AAL,3440,WAKE,114,0.978952205,1.092268258,12.66085083,3.419320299,
AAL,3450,WAKE,135,0.363655688,0.958812918,15.10804334,5.343073216,
AAL,3460,WAKE,132,0.264449939,0.251732541,14.35606443,4.05603545,
AAL,3470,WAKE,147,0.290191318,0.319016321,16.13265882,5.254263236,
AAL,3480,WAKE,99,0.595201552,0.771328968,11.82595942,4.475945298,
AAL,3490,WAKE,111,1.005084085,1.393256367,12.37429086,4.120727608,
AAL,3500,WAKE,117,0.959393094,2.30708369,12.7833057,3.869406093,
AAL,3510,WAKE,111,0.294339892,0.313225128,12.6889696,4.206921887,
AAL,3520,WAKE,111,0.680377686,0.726472467,12.31599306,3.904002905,
AAL,3530,WAKE,108,0.431421009,0.638630429,13.05264839,6.874828968,
AAL,3540,WAKE,108,1.54361706,2.72325821,12.44480959,4.677707681,
AAL,3550,WAKE,90,0.905474625,1.188489125,11.0310222,4.900139796,
AAL,3560,WAKE,66,2.577202729,4.993878098,8.661729994,3.581602672,
AAL,3570,WAKE,102,6.529700996,5.965004043,13.2892606,6.180617489,
AAL,3580,WAKE,96,1.912864156,3.562745184,11.51620849,4.611968445,
AAL,3590,WAKE,63,9.184198364,8.34773351,9.574062086,5.177190393,
AAL,3600,WAKE,33,13.15125743,6.256938029,6.67213613,5.165819221,
AAL,3610,WAKE,105,5.578332136,4.775865609,13.46996517,6.358410904,
AAL,3620,WAKE,111,5.235982308,5.285577033,13.41891871,5.812227506,
AAL,3630,WAKE,111,5.709212017,4.75341487,12.66296308,4.897636028,
AAL,3640,WAKE,111,3.864542093,4.193883652,12.83948162,4.306690944,
AAL,3650,WAKE,114,4.000929113,3.915074803,12.94898418,4.851370571,
AAL,3660,WAKE,102,2.349161752,3.52142535,12.01221075,4.434060587,
AAL,3670,WAKE,111,1.034710662,3.028577667,12.98832292,4.995915772,
AAL,3680,WAKE,105,0.215356425,0.403940434,13.12851653,6.050134497,
AAL,3690,WAKE,96,1.735259832,4.211758015,12.83973609,6.444782124,
AAL,3700,WAKE,87,5.644703914,5.382503198,11.40832719,7.671885611,
AAL,3710,WAKE,105,1.472191307,1.669955617,12.3709181,5.36145712,
AAL,3720,WAKE,117,2.705094601,3.218703771,13.00286438,3.770870431,
AAL,3730,WAKE,120,3.168650171,3.827431245,13.70968413,6.503362957,
AAL,3740,WAKE,99,2.885634279,3.662280521,12.38037579,5.552773238,
AAL,3750,WAKE,117,4.068442599,5.798769206,12.71188084,3.421382488,
AAL,3760,WAKE,48,9.360479506,7.75493229,9.558911473,7.039767824,
AAL,3770,WAKE,60,12.84030489,6.47036853,8.494071164,4.799384712,
AAL,3780,WAKE,66,11.59336276,7.004351484,9.29338725,5.043165109,
AAL,3790,WAKE,69,11.17279969,6.366076226,9.404549399,4.264562747,
AAL,3800,WAKE,102,8.327102987,7.27495948,14.38872438,8.920388029,
AAL,3810,WAKE,78,11.42819479,7.567621866,9.520798365,4.886299072,
AAL,3820,WAKE,84,8.66450754,8.061076153,11.44606353,5.995329285,
AAL,3830,WAKE,69,14.35164423,5.52234174,8.700323797,5.248866034,
AAL,3840,WAKE,57,8.788195392,8.760531176,9.200988925,6.941191285,
AAL,3850,WAKE,81,9.988997193,7.900644476,11.67695612,7.034495486,
AAL,3860,WAKE,60,8.316745804,6.970356058,11.64117812,10.61954215,
AAL,3870,WAKE,126,2.563238258,3.012301042,13.91577067,4.860894055,
AAL,3880,WAKE,126,0.710408035,0.745342474,14.07428261,4.686515153,
AAL,3890,WAKE,135,0.765387745,0.978790527,14.75791317,4.673120334,
AAL,3900,WAKE,132,0.99090349,0.920067734,14.04525,3.735412924,
AAL,3910,WAKE,135,0.976376424,0.683178967,14.62644708,3.709150464,
AAL,3920,WAKE,123,0.691759588,0.64416631,13.72357072,4.51051061,
AAL,3930,WAKE,114,0.751741784,1.208672436,12.4053071,3.641296187,
AAL,3940,WAKE,120,0.782699748,0.774499742,13.55732765,4.843423713,
AAL,3950,WAKE,132,0.787592673,0.808800925,14.4209299,4.843454057,
AAL,3960,WAKE,123,0.855849535,1.161859185,14.10634951,4.432985951,
AAL,3970,WAKE,129,0.733307229,0.656022076,14.34192696,5.006368453,
AAL,3980,WAKE,138,0.618210617,0.54699578,15.43484333,5.480480755,
AAL,3990,WAKE,129,0.839496609,0.737427458,15.04135059,4.666021083,
AAR,0,WAKE,132,5.219998629,3.835858869,14.19075181,4.636594139,
AAR,10,WAKE,135,5.696063028,3.447411256,14.71410748,4.391471876,
AAR,20,WAKE,138,3.306455138,3.756334505,14.67504718,4.155558164,
AAR,30,WAKE,132,2.807394876,2.768977396,14.39459784,5.15612815,
AAR,40,WAKE,141,2.272150684,2.314290456,15.42702728,4.38472327,
AAR,50,WAKE,123,2.398247581,2.976617521,13.59132623,3.882537924,
AAR,60,WAKE,153,1.237475473,1.414530931,16.63888066,5.854770765,
AAR,70,WAKE,141,3.327305942,3.056178974,15.23352063,4.43177355,
AAR,80,WAKE,135,5.071466612,3.825358664,13.96215006,3.002988861,
AAR,90,WAKE,135,2.098940304,2.009989084,14.07113435,3.088410142,
AAR,100,WAKE,126,3.918863281,3.371810973,13.83387077,5.764452875,
AAR,110,WAKE,126,3.134201792,3.442740706,13.94499924,4.453423606,
AAR,120,WAKE,135,1.14252419,1.078883341,15.10402292,5.011677267,
AAR,130,WAKE,141,2.363750989,3.295353406,15.33121657,6.359572826,
AAR,140,WAKE,132,3.796293018,4.559858303,14.22159515,3.546849355,
AAR,150,WAKE,129,1.036970843,3.05229982,14.40445623,5.70824044,
AAR,160,WAKE,114,3.794341324,4.538450347,13.24595756,5.704905292,
AAR,170,WAKE,132,2.273767425,2.093508927,14.69713024,4.576372812,
AAR,180,WAKE,132,1.601913516,1.245419138,14.66923517,6.589726922,
AAR,190,WAKE,123,1.80424449,2.614712692,13.64135549,4.870075026,
AAR,200,WAKE,135,1.371177212,2.200517548,14.82884038,4.948959212,
AAR,210,WAKE,120,1.216495756,1.323169191,13.16983521,3.575097033,
AAR,220,WAKE,117,2.122248837,3.933183215,13.05169014,4.703772077,
AAR,230,WAKE,126,4.540940396,6.061559657,13.82449012,3.497492101,
AAR,240,WAKE,114,2.322155462,4.983747971,12.78651042,3.656066479,
AAR,250,WAKE,117,0.854456421,1.032443845,12.69743432,4.660150294,
AAR,260,WAKE,132,1.499389561,1.241710715,14.21529179,2.835957609,
AAR,270,WAKE,141,1.669855131,2.895883138,14.88648807,4.321008066,
AAR,280,WAKE,111,1.03973278,1.833329897,12.30745333,3.951163077,
AAR,290,WAKE,132,1.936685184,1.996253946,14.61162987,5.911035137,
AAR,300,WAKE,135,2.400808056,2.394081332,14.86187199,5.040638249,
AAR,310,WAKE,114,0.958373889,1.272341282,13.16957157,5.292662065,
AAR,320,WAKE,99,1.615551133,1.837433157,10.86564024,3.401339972,
AAR,330,WAKE,96,1.221504899,1.977679379,10.63527278,3.30091725,
AAR,340,WAKE,99,2.434834768,2.24239901,10.36764501,2.659376611,
AAR,350,WAKE,96,2.038860707,0.999195925,10.09357802,2.062127879,
AAR,360,WAKE,99,1.863261303,1.097859205,10.10112356,1.478396793,
AAR,370,WAKE,102,1.290429477,0.919055715,10.44775662,2.492552909,
AAR,380,WAKE,105,2.318483455,4.491248707,10.78016371,1.712077824,
AAR,390,WAKE,111,4.127945361,9.266936099,12.31139599,4.315328499,
AAR,400,WAKE,102,2.377829016,2.49695471,11.38558946,4.213699899,
AAR,410,WAKE,93,1.681305417,2.162577139,10.50759298,3.688305913,
AAR,420,WAKE,102,3.31572171,4.423237905,11.14971903,3.987368308,
AAR,430,WAKE,99,3.477643697,11.48258935,10.30183505,2.718127735,
AAR,440,WAKE,111,1.012075231,1.153434447,12.09090931,3.235651828,
AAR,450,WAKE,114,0.956280893,1.104221407,12.47816186,3.290791939,
AAR,460,WAKE,90,0.684494985,1.757835027,11.69136184,5.838323672,
AAR,470,WAKE,105,3.560757537,3.66634708,11.73555861,4.094682504,
AAR,480,WAKE,102,3.760938785,5.938411001,12.63440033,5.24124656,
AAR,490,WAKE,90,3.579527981,7.011580646,9.653095795,2.951597349,
AAR,500,WAKE,105,0.877281188,1.86567395,11.09164818,2.900841167,
AAR,510,WAKE,105,0.807801431,1.497479481,11.85612157,4.340248739,
AAR,520,WAKE,102,0.76492396,1.378350718,10.99011211,3.696200779,
AAR,530,WAKE,84,3.588269212,3.753076162,8.95921207,2.489438052,
AAR,540,WAKE,96,2.577016121,0.23244419,9.749466469,0.415561739,
AAR,550,WAKE,105,2.427473827,1.499017617,10.66961203,1.130165941,
AAR,560,WAKE,111,3.794172232,6.482493991,11.14495507,1.875898251,
AAR,570,WAKE,111,2.288408059,1.692414535,11.68805111,2.530703985,
AAR,580,WAKE,108,2.722334863,0.531719962,10.90675563,0.752919963,
AAR,590,WAKE,108,2.876475663,0.677570667,10.7284624,0.525001223,
AAR,600,WAKE,102,4.215248631,7.083960658,10.59710593,1.900348434,
AAR,610,WAKE,111,2.348391814,3.338243641,11.42422234,2.556950561,
AAR,620,WAKE,117,1.162199334,1.937661927,12.57133422,3.398677654,
AAR,630,WAKE,114,3.531016814,5.150429547,12.59317528,3.256164214,
AAR,640,WAKE,120,2.695657911,3.182456676,12.82452474,2.558037871,
AAR,650,WAKE,111,3.828506857,9.569745062,11.70413682,2.308263231,
AAR,660,WAKE,117,2.278342918,4.498902754,12.6158632,4.23477195,
AAR,670,WAKE,105,2.256998315,0.718582502,10.71008356,0.842552207,
AAR,680,WAKE,45,0.385232611,0.349597844,5.615162497,3.205932353,
AAR,690,WAKE,87,0.759293199,1.361243968,10.66665256,4.74243835,
AAR,700,WAKE,114,1.205909897,2.45683855,12.41584263,4.380177366,
AAR,710,WAKE,132,1.051365588,1.640950702,16.40094471,6.735291765,
AAR,720,WAKE,126,0.951044231,0.930508612,14.04039534,5.023625842,
AAR,730,WAKE,81,7.718877233,6.975596943,10.65502145,4.47602654,
AAR,740,WAKE,66,6.045639434,6.003527304,12.34472598,7.293273783,
AAR,750,WAKE,57,8.602603318,6.33909468,10.29570724,6.612816462,
AAR,760,WAKE,111,5.343677187,5.563122973,13.06528273,5.417712907,
AAR,770,WAKE,120,2.903755597,4.170789645,12.51139095,3.311539295,
AAR,780,WAKE,138,0.706933276,0.638386339,14.9172224,3.74162048,
AAR,790,WAKE,117,1.431418297,2.06884271,12.43029199,3.443001579,
AAR,800,WAKE,120,4.201223847,3.159868113,12.92849716,3.30453645,
AAR,810,WAKE,120,4.535855651,4.359809807,12.50501712,2.966800129,
AAR,820,WAKE,126,4.103152215,4.568494965,13.87840528,4.230536707,
AAR,830,WAKE,132,3.655487097,3.042923564,13.93751193,3.550431611,
AAR,840,WAKE,117,0.921346038,0.871113752,12.59313226,3.321940949,
AAR,850,WAKE,126,3.555097646,4.483439599,13.12075242,1.892066631,
AAR,860,WAKE,123,2.934322613,3.094308073,12.67242777,3.162297787,
AAR,870,WAKE,123,2.116632994,1.519643814,12.60537277,1.230055264,
AAR,880,WAKE,123,2.775369915,3.628510771,12.65481667,2.298805891,
AAR,890,WAKE,96,3.255657805,4.747574928,10.99492464,3.93951246,
AAR,900,WAKE,129,1.893742096,0.447519187,12.83682046,0.782117714,
AAR,910,WAKE,126,2.049958688,2.065558647,13.34992372,2.893256918,
AAR,920,WAKE,123,2.43522147,2.288727628,12.99250624,3.285885349,
AAR,930,WAKE,111,2.903344416,3.43017699,12.09139709,3.044464817,
AAR,940,WAKE,111,0.91908488,1.188019889,12.62728831,5.14433529,
AAR,950,WAKE,114,1.079364663,1.137464197,12.84297927,4.511024438,
AAR,960,WAKE,114,2.324853111,3.002495081,11.9182795,1.835840814,
AAR,970,WAKE,111,2.243974988,2.466698161,12.01536126,3.805920015,
AAR,980,WAKE,114,2.777734141,3.128136926,11.94558304,3.217247341,
AAR,990,WAKE,108,2.907673687,3.543972072,11.88095346,3.603810614,
AAR,1000,WAKE,123,1.810031518,1.480668097,12.66965485,2.305587692,
AAR,1010,WAKE,90,3.364076811,6.27741112,10.17352417,3.414711088,
AAR,1020,WAKE,114,2.590247791,4.093308735,12.76911415,5.301645593,
AAR,1030,WAKE,114,0.839750074,0.779744357,12.86534663,4.628243712,
AAR,1040,WAKE,114,3.60997056,3.764335805,12.56485172,4.752127785,
AAR,1050,WAKE,117,3.351325879,3.674091902,13.56216718,5.463567674,
AAR,1060,WAKE,99,4.101868113,4.367158723,10.91640003,3.53257873,
AAR,1070,WAKE,96,3.89194006,4.532375756,11.35309095,4.903306078,
AAR,1080,WAKE,117,0.81069233,0.906793064,12.8223727,3.910262991,
AAR,1090,WAKE,108,3.166570057,4.732097862,11.37842666,3.078144363,
AAR,1100,WAKE,105,0.720054046,1.024056569,11.76565329,4.389138472,
AAR,1110,WAKE,105,0.814393414,0.61101131,10.88049171,1.829031261,
AAR,1120,WAKE,105,0.862772404,0.920986702,10.95071183,1.514405316,
AAR,1130,WAKE,114,0.705236712,0.752985642,12.21963314,3.842550961,
AAR,1140,WAKE,96,0.955332921,1.598415907,10.9245295,2.973947522,
AAR,1150,WAKE,102,1.031477112,1.789384145,10.67604921,1.856380823,
AAR,1160,WAKE,99,0.831291727,0.994468567,10.58564355,2.059632627,
AAR,1170,WAKE,108,1.798525146,1.942434778,11.81318829,3.938687121,
AAR,1180,WAKE,102,1.171652988,2.657710249,11.19926316,3.445000069,
AAR,1190,WAKE,108,3.302776388,4.275117319,11.66157344,3.168655814,
AAR,1200,WAKE,108,4.612784951,7.341396992,13.06755045,6.024559488,
AAR,1210,WAKE,114,4.400180808,6.168224686,12.81792638,4.467679223,
AAR,1220,WAKE,90,3.632567913,5.400772526,10.6057452,3.570253065,
AAR,1230,WAKE,108,1.34575699,2.282199165,11.00111854,2.15644059,
AAR,1240,WAKE,102,4.326650497,14.15560667,11.54664065,3.487141958,
AAR,1250,WAKE,99,1.470224186,3.150736411,10.96775571,2.845058182,
AAR,1260,WAKE,108,0.679959153,0.681738718,10.95299756,1.633916195,
AAR,1270,WAKE,126,2.035270525,0.591546285,13.38803675,3.482089181,
AAR,1280,WAKE,90,4.112928575,5.938769374,10.21351847,2.911895329,
AAR,1290,WAKE,72,2.497182638,0.694796175,7.847105299,2.035202527,
AAR,1300,WAKE,93,1.529471245,0.15671165,9.452533632,0.438624185,
AAR,1310,WAKE,108,1.435083607,0.362634693,11.13475461,2.760323569,
AAR,1320,WAKE,105,1.030165394,0.547840043,10.80200337,2.124329701,
AAR,1330,WAKE,96,0.726788926,0.641320348,10.40051981,2.644365562,
AAR,1340,WAKE,99,1.66594489,3.032288665,10.16201515,2.173558627,
AAR,1350,WAKE,102,0.752576464,1.766635216,11.2213378,3.186440234,
AAR,1360,WAKE,96,3.364795295,1.934866655,10.28900626,3.3521224,
AAR,1370,Non-REM Sleep,15,0.037610263,0.050037491,1.572029632,0.792478034,
AAR,1370,REM Sleep,80,2.278523503,0.140358623,8.078111631,0.307830515,
AAR,1370,WAKE,93,2.912853983,1.043307364,9.580766618,1.113915542,
AAR,1380,Non-REM Sleep,14.5,0.032490206,0.00615902,1.459319382,0.159296314,
AAR,1380,REM Sleep,86,2.021533748,0.407502446,8.630107127,0.779387989,
AAR,1380,WAKE,111,3.626045597,7.887046885,12.32063016,4.928506424,
AAR,1390,Non-REM Sleep,15.5,0.038240368,0.020753157,1.551111661,0.29430937,
AAR,1390,REM Sleep,78,2.157814276,0.80627764,8.203161381,1.906391083,
AAR,1390,WAKE,87,2.378962616,1.235886522,9.4798761,2.60432408,
AAR,1400,Non-REM Sleep,15.5,0.031944071,0.002794338,1.548110573,0.128736529,
AAR,1400,REM Sleep,66,2.144916975,0.262492507,6.647024605,0.34371019,
AAR,1400,WAKE,93,0.673866104,1.824860693,10.57535684,3.174098295,
AAR,1410,Non-REM Sleep,15.5,0.037747145,0.033131816,1.602293131,0.27492103,
AAR,1410,REM Sleep,76,2.162554146,0.588395368,7.765890961,1.328769616,
AAR,1410,WAKE,81,3.136245525,1.146500694,8.822275626,3.004859835,
AAR,1420,Non-REM Sleep,17,0.065113363,0.148915683,1.738336504,0.93264307,
AAR,1420,REM Sleep,70,2.109141316,0.614653612,7.176344952,0.921531338,
AAR,1420,WAKE,87,2.016456599,0.177270084,8.764362346,0.208445416,
AAR,1430,Non-REM Sleep,15.5,0.041605159,0.031098981,1.582181433,0.263379399,
AAR,1430,REM Sleep,74,3.200300344,3.569998698,7.472739507,1.111403086,
AAR,1430,WAKE,90,2.03443236,4.074740957,9.593107118,4.33964973,
AAR,1440,Non-REM Sleep,16.5,0.037970663,0.012026112,1.642243177,0.181404257,
AAR,1440,REM Sleep,78,2.941533056,1.640826047,8.104694146,1.220041312,
AAR,1440,WAKE,81,2.787137846,5.079106697,9.215428985,3.696990698,
AAR,1450,Non-REM Sleep,15,0.042622992,0.056133808,1.578915576,0.727073392,
AAR,1450,REM Sleep,90,2.179377669,0.487906374,9.069242152,0.893557221,
AAR,1450,WAKE,93,1.622527983,2.49562966,9.942745863,2.722912869,
AAR,1460,Non-REM Sleep,16,0.041064241,0.018060583,1.605708372,0.382935647,
AAR,1460,REM Sleep,94,2.116954565,0.590468416,9.547722328,1.065440507,
AAR,1460,WAKE,99,0.839285621,0.63070472,10.005134,1.112426548,
AAR,1470,Non-REM Sleep,15,0.047423812,0.034582248,1.63422826,1.085738583,
AAR,1470,REM Sleep,90,2.157276873,1.778349816,9.307752597,1.866046895,
AAR,1470,WAKE,105,4.570437606,5.852279421,11.32329601,4.011933608,
AAR,1480,Non-REM Sleep,15.5,0.039712211,0.02907955,1.541218297,0.341790804,
AAR,1480,REM Sleep,90,1.298903426,0.264978666,8.977650158,0.561983894,
AAR,1480,WAKE,90,0.831469565,1.493539726,9.623172983,2.226052367,
AAR,1490,Non-REM Sleep,15.5,0.033833084,0.005712611,1.547300986,0.096204916,
AAR,1490,REM Sleep,92,1.491308156,0.495736521,9.209902465,0.752501351,
AAR,1490,WAKE,87,1.067540371,2.445773495,9.706526544,2.854016426,
AAR,1500,Non-REM Sleep,16,0.033108159,0.007097082,1.598999602,0.071135501,
AAR,1500,REM Sleep,86,1.422925639,0.280918617,8.68919486,0.707669489,
AAR,1500,WAKE,99,4.438203066,2.086374206,10.31899681,2.272400792,
AAR,1510,Non-REM Sleep,20,0.04935898,0.007292471,2.049945335,0.17893645,
AAR,1510,REM Sleep,82,1.294323195,0.232237146,8.336197557,0.42281907,
AAR,1510,WAKE,99,4.68378921,2.347819721,10.18297917,1.410322593,
AAR,1520,Non-REM Sleep,21,0.041934161,0.004920532,2.057050014,0.229040981,
AAR,1520,REM Sleep,84,1.224756896,0.373225785,8.50769464,0.761613537,
AAR,1520,WAKE,81,2.449744911,2.505330966,9.180921221,3.754107411,
AAR,1530,Non-REM Sleep,20,0.039143093,0.002061498,2.012593582,0.087297412,
AAR,1530,REM Sleep,82,1.196547739,1.889230227,8.561161913,1.954148719,
AAR,1540,Non-REM Sleep,20.5,0.037579533,0.002449018,2.046180867,0.095853435,
AAR,1540,REM Sleep,74,0.583977954,0.286765906,7.744166497,1.037109455,
AAR,1550,Non-REM Sleep,20.5,0.037352047,0.002468099,2.059715308,0.11189453,
AAR,1550,REM Sleep,78,0.482627215,0.371082782,8.082406111,1.346613461,
AAR,1560,Non-REM Sleep,20.5,0.036531927,0.002104055,2.049403266,0.083369376,
AAR,1560,REM Sleep,76,0.438737819,0.286025791,8.284444624,1.937338209,
AAR,1570,Non-REM Sleep,20.5,0.036655048,0.002180432,2.046988598,0.104060276,
AAR,1570,REM Sleep,68,0.38190241,0.321850085,7.73929633,2.077188991,
AAR,1580,Non-REM Sleep,20,0.035897144,0.002287655,1.992609124,0.1200601,
AAR,1580,REM Sleep,66,0.415415244,0.544314079,8.23196344,3.385206681,
AAR,1590,Non-REM Sleep,23,0.046163404,0.002598938,2.281094761,0.093093811,
AAR,1590,REM Sleep,56,1.795811866,0.592892979,5.676743723,0.371308769,
AAR,1600,Non-REM Sleep,23,0.045676438,0.002604326,2.286165876,0.108728591,
AAR,1600,REM Sleep,56,0.662159389,0.929584815,5.98757824,1.90667015,
AAR,1610,Non-REM Sleep,22.5,0.0442523,0.002203686,2.282791002,0.100265454,
AAR,1610,REM Sleep,56,0.863666876,0.745218972,6.346582701,2.61022973,
AAR,1620,Non-REM Sleep,23,0.047527229,0.006322917,2.277642636,0.188917243,
AAR,1620,REM Sleep,54,0.796979386,1.385238565,6.537529693,2.504602961,
AAR,1630,Non-REM Sleep,22,0.04541508,0.002304477,2.222604038,0.08660519,
AAR,1630,REM Sleep,52,0.349402515,0.25391209,5.538980859,0.986251084,
AAR,1640,Non-REM Sleep,22.5,0.046157299,0.003694003,2.247828832,0.115244315,
AAR,1640,REM Sleep,50,0.268026411,0.195071891,5.354423433,1.50479574,
AAR,1650,Non-REM Sleep,22.5,0.047583595,0.003714366,2.249812982,0.160683477,
AAR,1650,REM Sleep,42,0.235528021,0.208284991,5.388265628,2.082028494,
AAR,1660,Non-REM Sleep,22.5,0.044194879,0.002164772,2.219925177,0.083826006,
AAR,1660,REM Sleep,50,3.209020007,0.735606525,5.290965251,0.736396218,
AAR,1670,Non-REM Sleep,22,0.043460461,0.002252785,2.202758342,0.124298742,
AAR,1670,REM Sleep,50,2.760667427,0.434734575,4.923753395,0.426825585,
AAR,1680,Non-REM Sleep,22,0.048134679,0.002943382,2.234676747,0.14666101,
AAR,1680,REM Sleep,56,2.550238663,0.730351753,5.753065825,1.562180243,
AAR,1690,Non-REM Sleep,22,0.045288958,0.002256614,2.206837543,0.142102726,
AAR,1690,REM Sleep,60,1.821191326,1.122026929,6.425353317,1.641023457,
AAR,1700,Non-REM Sleep,22,0.042595171,0.001592047,2.20572948,0.089293886,
AAR,1700,REM Sleep,52,1.307365364,1.101036128,5.678712058,2.081505697,
AAR,1710,Non-REM Sleep,22,0.042441002,0.002124214,2.16236302,0.086100438,
AAR,1710,REM Sleep,54,0.645788319,0.359224131,5.672773271,0.855464505,
AAR,1720,Non-REM Sleep,21.5,0.041414117,0.001870224,2.166646211,0.124484661,
AAR,1720,REM Sleep,52,0.690985282,0.35226628,5.513919599,1.097277947,
AAR,1730,Non-REM Sleep,21.5,0.042458051,0.00222715,2.168859003,0.132850528,
AAR,1730,REM Sleep,60,0.596750134,0.643632098,6.392660857,1.594231866,
AAR,1740,Non-REM Sleep,21.5,0.040298662,0.002101202,2.159428756,0.121389185,
AAR,1740,REM Sleep,54,0.772905056,1.002468462,6.323039777,2.281029309,
AAR,1750,Non-REM Sleep,22,0.038676067,0.001986374,2.175872226,0.152488907,
AAR,1750,REM Sleep,56,0.72669546,0.3424836,6.084522562,1.769213748,
AAR,1760,Non-REM Sleep,20,0.028972283,0.011650463,2.050552314,0.611844096,
AAR,1760,REM Sleep,52,0.678420013,0.384142799,5.701320628,2.143517497,
AAR,1770,Non-REM Sleep,22.5,0.02597355,0.016024883,2.283181435,0.44531934,
AAR,1770,REM Sleep,52,0.562571365,0.706102584,7.512322801,3.804445917,
AAR,1780,Non-REM Sleep,22.5,0.028338374,0.018656779,2.261022992,0.352395478,
AAR,1780,REM Sleep,48,0.736061486,0.526880445,5.366216885,2.603664977,
AAR,1790,Non-REM Sleep,22.5,0.02748606,0.010558492,2.278497337,0.20479359,
AAR,1790,REM Sleep,48,0.440762784,0.219679545,5.25304261,1.068290196,
AAR,1800,Non-REM Sleep,22,0.028566252,0.025748063,2.219985994,0.453906086,
AAR,1800,REM Sleep,40,0.424824493,0.259724443,4.914517471,1.941069961,
AAR,1810,Non-REM Sleep,22.5,0.02948592,0.013083232,2.261332813,0.177046333,
AAR,1810,REM Sleep,26,0.394613306,0.349062434,4.047282104,2.502203227,
AAR,1820,Non-REM Sleep,22.5,0.027719742,0.013820565,2.256851736,0.188668559,
AAR,1820,REM Sleep,34,0.253500162,0.184280853,4.903099107,2.048212967,
AAR,1830,Non-REM Sleep,22.5,0.029128704,0.003096055,2.243321999,0.159538893,
AAR,1840,Non-REM Sleep,22,0.027897772,0.005708476,2.184000558,0.150779142,
AAR,1850,Non-REM Sleep,21,0.030032214,0.003275759,2.124061879,0.342966119,
AAR,1860,Non-REM Sleep,21.5,0.026770724,0.004012887,2.141386355,0.149552599,
AAR,1870,Non-REM Sleep,22,0.030451868,0.003013026,2.214658859,0.213057598,
AAR,1880,Non-REM Sleep,21.5,0.029753571,0.010141235,2.140139332,0.175995554,
AAR,1890,Non-REM Sleep,21,0.027303161,0.004672699,2.105117268,0.107249494,
AAR,1900,Non-REM Sleep,21,0.028277617,0.00174043,2.110628828,0.115799088,
AAR,1910,Non-REM Sleep,20.5,0.027833724,0.002693613,2.077895295,0.104957634,
AAR,1920,Non-REM Sleep,21,0.026101295,0.002214759,2.08717951,0.115695621,
AAR,1930,Non-REM Sleep,22,0.024323552,0.01000558,2.179813981,0.172078604,
AAR,1940,Non-REM Sleep,22.5,0.023773173,0.003494246,2.243792152,0.211726085,
AAR,1950,Non-REM Sleep,22.5,0.020749721,0.003024154,2.281398808,0.179560037,
AAR,1960,Non-REM Sleep,23,0.019219807,0.002964756,2.308397067,0.189874625,
AAR,1970,Non-REM Sleep,20.5,0.018715244,0.024761891,2.095020458,0.681126789,
AAR,1980,Non-REM Sleep,22.5,0.015646796,0.003507149,2.225093511,0.203353433,
AAR,1990,Non-REM Sleep,21.5,0.017741821,0.002453582,2.176130935,0.167099127,
AAR,2000,Non-REM Sleep,22,0.019150368,0.001873017,2.204221326,0.127576546,
AAR,2010,Non-REM Sleep,22.5,0.020244748,0.003634686,2.235439319,0.108640584,
AAR,2020,Non-REM Sleep,21,0.027926243,0.031739492,2.185346511,0.73607741,
AAR,2030,Non-REM Sleep,21,0.02030664,0.010721823,2.141353632,0.401062276,
AAR,2040,Non-REM Sleep,21,0.023754513,0.016845766,2.149677397,0.674619367,
AAR,2050,Non-REM Sleep,21.5,0.021563952,0.008644701,2.199147545,0.296657408,
AAR,2060,Non-REM Sleep,22,0.02403493,0.013624629,2.178994551,0.250744681,
AAR,2070,Non-REM Sleep,21.5,0.034242837,0.017803991,2.119554859,0.164559523,
AAR,2080,Non-REM Sleep,21,0.02217438,0.003446078,2.11870129,0.168443915,
AAR,2090,Non-REM Sleep,21,0.021016087,0.00415004,2.089256952,0.129986743,
AAR,2100,Non-REM Sleep,21,0.019838757,0.011116204,2.096159482,0.192916742,
AAR,2110,Non-REM Sleep,20.5,0.017324515,0.004437817,2.056213052,0.165551368,
AAR,2120,Non-REM Sleep,20.5,0.014396837,0.002706014,2.052389064,0.148283142,
AAR,2130,Non-REM Sleep,17.5,0.019921474,0.014374024,1.876329168,0.637167277,
AAR,2140,Non-REM Sleep,15,0.035114496,0.038110477,1.494133754,0.384209252,
AAR,2150,Non-REM Sleep,14.5,0.016156533,0.002330137,1.464330796,0.10943144,
AAR,2160,Non-REM Sleep,11.5,0.009202814,0.005210662,1.303634325,0.720835297,
AAR,2170,Non-REM Sleep,13,0.038492373,0.115755322,1.682817813,1.530325675,
AAR,2180,Non-REM Sleep,15.5,0.007313784,0.002294844,1.582790477,0.117086013,
AAR,2190,Non-REM Sleep,15,0.008070868,0.002958648,1.525942265,0.332029231,
AAR,2200,Non-REM Sleep,15,0.007107132,0.00282545,1.506665466,0.082947037,
AAR,2210,Non-REM Sleep,15.5,0.007323067,0.002365851,1.549418279,0.117792432,
AAR,2220,Non-REM Sleep,13.5,0.008707542,0.005237056,1.4866563,0.789082938,
AAR,2230,Non-REM Sleep,14.5,0.028147822,0.088773768,1.695876419,1.119728768,
AAR,2240,Non-REM Sleep,12,0.00955698,0.012543782,1.420902569,1.053247783,
AAR,2250,Non-REM Sleep,15.5,0.013175533,0.016379376,1.648317317,0.671568097,
AAR,2260,Non-REM Sleep,13,0.076996774,0.157781314,1.520562846,1.105817038,
AAR,2270,Non-REM Sleep,16.5,0.022404953,0.019729001,1.627058724,0.139110187,
AAR,2280,Non-REM Sleep,14.5,0.009595629,0.006171653,1.512057909,0.498987906,
AAR,2290,Non-REM Sleep,14.5,0.013525293,0.018189793,1.514092078,0.472271023,
AAR,2300,Non-REM Sleep,14,0.017448743,0.02079141,1.466118165,0.509376902,
AAR,2310,Non-REM Sleep,15,0.008795265,0.003520945,1.533990608,0.30860497,
AAR,2320,Non-REM Sleep,15.5,0.059074864,0.201538296,1.779433438,1.315497482,
AAR,2330,Non-REM Sleep,9,0.003160418,0.010565146,1.270057667,1.052829031,
AAR,2340,Non-REM Sleep,13,0.005185394,0.003479812,1.380403962,0.811930771,
AAR,2350,Non-REM Sleep,14.5,0.003968723,0.00236489,1.514718164,0.414567108,
AAR,2360,Non-REM Sleep,12.5,0.005152056,0.011957642,1.473502274,0.931318125,
AAR,2370,Non-REM Sleep,17.5,0.041080327,0.02365971,1.867433583,1.224277364,
AAR,2380,Non-REM Sleep,19.5,0.029945842,0.003774915,1.930952751,0.156737355,
AAR,2390,Non-REM Sleep,18.5,0.025828007,0.00294417,1.868944302,0.123006893,
AAR,2400,Non-REM Sleep,19.5,0.026318529,0.00947682,1.94493009,0.363881742,
AAR,2410,Non-REM Sleep,17,0.016002933,0.01048103,1.786273111,0.695799126,
AAR,2420,Non-REM Sleep,17.5,0.016293188,0.003871243,1.776220152,0.240844736,
AAR,2430,Non-REM Sleep,20.5,0.021692613,0.050675085,2.092947876,0.869118075,
AAR,2440,Non-REM Sleep,20,0.036971285,0.037417537,2.027616095,0.155259232,
AAR,2450,Non-REM Sleep,20.5,0.018975818,0.003386932,2.053030055,0.143045588,
AAR,2460,Non-REM Sleep,20.5,0.015640218,0.003162137,2.050845182,0.199460244,
AAR,2470,Non-REM Sleep,20,0.017679972,0.013898803,2.016193812,0.301147059,
AAR,2480,Non-REM Sleep,20.5,0.014245077,0.010663203,2.036964579,0.149223985,
AAR,2490,Non-REM Sleep,19.5,0.012091797,0.006184903,2.00133274,0.369019558,
AAR,2500,Non-REM Sleep,20.5,0.015658353,0.020894899,2.021089076,0.177977118,
AAR,2510,Non-REM Sleep,19.5,0.014842541,0.003122787,1.973972559,0.182648335,
AAR,2520,Non-REM Sleep,19.5,0.012216992,0.003429161,1.957824692,0.126186767,
AAR,2530,Non-REM Sleep,20,0.011024055,0.002564021,1.972125928,0.127872519,
AAR,2540,Non-REM Sleep,19.5,0.010647674,0.00318921,1.957616494,0.143109501,
AAR,2550,Non-REM Sleep,19.5,0.010550427,0.002231165,1.949470024,0.140465972,
AAR,2560,Non-REM Sleep,15,0.046380744,0.006489233,1.49336935,0.143056348,
AAR,2570,Non-REM Sleep,15.5,0.041552506,0.004884632,1.545133965,0.210920202,
AAR,2580,Non-REM Sleep,15.5,0.036561164,0.009911526,1.570340025,0.273700757,
AAR,2590,Non-REM Sleep,15.5,0.03277328,0.005246454,1.554894141,0.120038269,
AAR,2600,Non-REM Sleep,16,0.030652593,0.006891805,1.581185561,0.114663435,
AAR,2610,Non-REM Sleep,14.5,0.060555896,0.008007088,1.424359463,0.127239893,
AAR,2620,Non-REM Sleep,14.5,0.055144548,0.005330064,1.442446936,0.106733156,
AAR,2630,Non-REM Sleep,14,0.049114809,0.005059855,1.4314608,0.092115707,
AAR,2640,Non-REM Sleep,14,0.029554232,0.005296267,1.421103688,0.238901863,
AAR,2650,Non-REM Sleep,14,0.024462877,0.004221808,1.407041071,0.112655684,
AAR,2660,Non-REM Sleep,14.5,0.025488388,0.003831962,1.422086144,0.073596411,
AAR,2670,Non-REM Sleep,14,0.025022299,0.003836721,1.408136499,0.103916434,
AAR,2680,Non-REM Sleep,14,0.023162536,0.003283533,1.435699803,0.106302668,
AAR,2690,Non-REM Sleep,14,0.022582232,0.003458318,1.378825075,0.105905083,
AAR,2700,Non-REM Sleep,14,0.046500698,0.071931201,1.512180407,0.65929503,
AAR,2710,Non-REM Sleep,11.5,0.039197919,0.011427109,1.273860823,0.756498305,
AAR,2720,Non-REM Sleep,15,0.034965919,0.005426879,1.517500456,0.146045552,
AAR,2730,Non-REM Sleep,15,0.029970157,0.003701375,1.47894067,0.082090426,
AAR,2740,Non-REM Sleep,13.5,0.026100421,0.004176977,1.378325008,0.196618811,
AAR,2750,Non-REM Sleep,15,0.053307537,0.006164433,1.491570471,0.178383211,
AAR,2760,Non-REM Sleep,14,0.046852158,0.006320293,1.427782081,0.160930821,
AAR,2770,Non-REM Sleep,15,0.039862114,0.018152651,1.505544745,0.548976702,
AAR,2780,Non-REM Sleep,14.5,0.014991743,0.018471756,1.565872577,0.644308776,
AAR,2790,Non-REM Sleep,14.5,0.098736257,0.013927976,1.449250715,0.215776925,
AAR,2800,Non-REM Sleep,15.5,0.09690684,0.02778625,1.539765815,0.267590123,
AAR,2810,Non-REM Sleep,14,0.073615086,0.0076128,1.43515107,0.088356624,
AAR,2820,Non-REM Sleep,14.5,0.063485744,0.004168165,1.420577122,0.069338993,
AAR,2830,Non-REM Sleep,14,0.058766699,0.003996371,1.400755061,0.104978076,
AAR,2840,Non-REM Sleep,17,0.049699534,0.004248775,1.704500846,0.115541528,
AAR,2850,Non-REM Sleep,17.5,0.040027663,0.050975174,1.808951079,0.594535995,
AAR,2860,Non-REM Sleep,16,0.027759244,0.006767652,1.592342292,0.137646967,
AAR,2870,Non-REM Sleep,16.5,0.030542741,0.005803972,1.645517344,0.209197057,
AAR,2880,Non-REM Sleep,16,0.02981846,0.003551669,1.58704808,0.087210951,
AAR,2890,Non-REM Sleep,15.5,0.028332837,0.00249187,1.592713074,0.074425427,
AAR,2900,Non-REM Sleep,16,0.026972086,0.002856823,1.589699508,0.118175787,
AAR,2910,Non-REM Sleep,16,0.042550007,0.039389916,1.659205949,0.468417415,
AAR,2920,Non-REM Sleep,13.5,0.025713612,0.00714454,1.494072823,0.77771739,
AAR,2930,Non-REM Sleep,17,0.022463123,0.007119031,1.71508646,0.329849199,
AAR,2940,Non-REM Sleep,16,0.02040873,0.003127239,1.602808661,0.100173254,
AAR,2950,Non-REM Sleep,16.5,0.022341462,0.003451564,1.629368784,0.137072287,
AAR,2960,Non-REM Sleep,17,0.021355733,0.019253243,1.748433246,0.614990563,
AAR,2970,Non-REM Sleep,15.5,0.081348539,0.385992608,1.684546009,0.653261728,
PL,0,Non-REM Sleep,31,1.74373712,0.204458302,3.075718488,0.387406533,
PL,10,Non-REM Sleep,31,1.747599661,0.185141112,3.097095316,0.266931211,
PL,20,Non-REM Sleep,33,1.724933717,0.255949675,3.321803526,0.329645179,
PL,30,Non-REM Sleep,31,1.39601861,0.885366927,3.446340719,1.015827569,
PL,40,Non-REM Sleep,33,1.258215457,0.358558371,3.361536711,0.610801059,
PL,50,Non-REM Sleep,32,1.501010338,0.157798962,3.206622839,0.165579648,
PL,60,Non-REM Sleep,33,1.504355892,0.148578647,3.262279666,0.168074884,
PL,70,Non-REM Sleep,35,1.242282001,0.205173439,3.52323155,0.282923987,
PL,80,Non-REM Sleep,35,1.255490899,0.192816229,3.530636183,0.315620015,
PL,90,Non-REM Sleep,34,1.461104745,0.142181736,3.38180263,0.115407443,
PL,100,Non-REM Sleep,33,1.518679763,0.155277613,3.35605698,0.077491852,
PL,110,Non-REM Sleep,37,1.348429907,0.804922751,3.673226107,0.363912283,
PL,120,Non-REM Sleep,36,1.385256521,0.222102523,3.620701829,0.347740005,
PL,130,Non-REM Sleep,37,1.472024171,0.214201832,3.715595809,0.314469668,
PL,140,Non-REM Sleep,35,1.639170646,0.149248777,3.493660577,0.144745801,
PL,150,Non-REM Sleep,34,1.666055226,0.168114981,3.4671445,0.092017234,
PL,160,Non-REM Sleep,35,1.611297093,0.147006435,3.485260446,0.126925737,
PL,170,Non-REM Sleep,35,1.634359559,0.115869098,3.519229686,0.086055028,
PL,180,Non-REM Sleep,39,0.670611732,0.46720985,4.007845902,0.935534139,
PL,190,Non-REM Sleep,40,0.75600279,1.072363285,4.066486536,0.617510177,
PL,200,Non-REM Sleep,39,0.478972252,0.145262886,3.966019352,0.212968861,
PL,210,Non-REM Sleep,42,0.454756678,0.14671194,4.161696127,0.232544503,
PL,220,Non-REM Sleep,39,0.359377894,0.553331298,3.989083776,0.449763129,
PL,230,Non-REM Sleep,39,0.316522911,0.128753233,3.935396309,0.265858405,
PL,240,Non-REM Sleep,41,0.315026761,0.191842999,4.12234902,0.706144588,
PL,250,Non-REM Sleep,41,0.365440229,0.339049455,4.293242059,0.885417805,
PL,260,Non-REM Sleep,43,0.278447141,0.25076697,4.605308676,1.325931126,
PL,270,Non-REM Sleep,41,0.235737779,0.184193049,4.121020087,0.425137516,
PL,280,Non-REM Sleep,40,0.220463751,0.161709492,4.12006231,0.770198714,
PL,290,Non-REM Sleep,41,0.200269723,0.141358965,4.122822627,0.388222447,
PL,300,Non-REM Sleep,41,0.262791101,0.118035045,4.056116935,0.25714274,
PL,310,Non-REM Sleep,40,0.222054385,0.114155909,4.127731843,0.488257632,
PL,320,Non-REM Sleep,40,0.320170091,0.372900519,4.073383397,0.568807913,
PL,330,Non-REM Sleep,39,0.303456262,0.131151219,3.849847684,0.291383719,
PL,340,Non-REM Sleep,37,0.360702387,0.143796171,3.771742743,0.359453664,
PL,350,Non-REM Sleep,37,0.355725124,0.09772133,3.732576933,0.136650049,
PL,360,Non-REM Sleep,37,0.446053529,0.20661125,3.713821005,0.351542962,
PL,370,Non-REM Sleep,38,0.657107394,0.334527311,3.84051489,0.372248484,
PL,380,Non-REM Sleep,40,0.602549338,0.501703167,4.074621013,0.60788493,
PL,390,Non-REM Sleep,38,0.651977643,0.253626042,3.889865328,0.442900892,
PL,400,Non-REM Sleep,38,0.583973956,0.344259846,3.88952336,0.546335837,
PL,410,Non-REM Sleep,36,0.607300616,0.278670562,3.610792406,0.415531683,
PL,420,Non-REM Sleep,36,0.587181581,0.298276583,3.715523366,0.446513437,
PL,430,Non-REM Sleep,37,0.566042522,0.270552537,3.681258004,0.466039117,
PL,440,Non-REM Sleep,35,0.587914231,0.277460093,3.599918261,0.497452163,
PL,450,Non-REM Sleep,37,0.725134246,0.413141014,3.839917815,1.04695701,
PL,460,Non-REM Sleep,34,0.950451575,1.177801528,3.611081459,0.996978042,
PL,470,Non-REM Sleep,40,0.751968684,0.275437328,4.107583176,0.713276047,
PL,480,Non-REM Sleep,38,0.681103328,0.232123216,3.837209355,0.435822708,
PL,490,Non-REM Sleep,38,0.695060061,0.263372366,3.859201285,0.249149533,
PL,500,Non-REM Sleep,38,0.704869729,0.229787141,3.828047805,0.263350999,
PL,510,Non-REM Sleep,38,0.689190262,0.24723998,3.792670154,0.303795087,
PL,520,Non-REM Sleep,35,0.829331141,0.283010094,3.590367503,0.584986916,
PL,530,Non-REM Sleep,37,0.722759562,0.734554334,3.939734165,0.845817559,
PL,540,Non-REM Sleep,38,0.650532529,0.317609954,3.885984733,0.699970806,
PL,550,Non-REM Sleep,37,0.552604849,0.28137175,3.852790413,1.086802459,
PL,560,Non-REM Sleep,34,0.61340254,0.199799326,3.493496832,0.28203662,
PL,570,Non-REM Sleep,36,0.637281629,0.198669524,3.613652109,0.337492425,
PL,580,Non-REM Sleep,37,0.65372736,0.269597876,3.703584201,0.377002803,
PL,590,Non-REM Sleep,37,0.620285071,0.218389334,3.697952753,0.375391968,
PL,600,Non-REM Sleep,35,0.631183428,0.220774629,3.525672248,0.36323063,
PL,610,Non-REM Sleep,36,0.584215568,0.180437513,3.677565388,0.4047635,
PL,620,Non-REM Sleep,34,0.60014266,0.1977469,3.471310709,0.229317382,
PL,630,Non-REM Sleep,35,0.624414799,0.181905273,3.517677602,0.276703646,
PL,640,Non-REM Sleep,35,0.577564093,0.20025493,3.472081571,0.213288173,
PL,650,Non-REM Sleep,33,0.601982989,0.238908948,3.308598732,0.187363751,
PL,660,Non-REM Sleep,34,0.552122564,0.309176248,3.633308791,1.01529161,
PL,670,Non-REM Sleep,30,0.554920101,0.182748832,3.002848341,0.300216739,
PL,680,Non-REM Sleep,31,0.478371911,0.189511445,3.272166063,0.676215944,
PL,690,Non-REM Sleep,32,0.560022547,0.841447964,3.394589686,1.06660817,
PL,700,Non-REM Sleep,28,0.504007599,0.160776472,2.937543526,0.709256699,
PL,710,Non-REM Sleep,33,0.443876597,0.161526464,3.354270732,0.600186877,
PL,720,Non-REM Sleep,29,0.440092279,0.070894552,2.983672479,0.484820697,
PL,730,Non-REM Sleep,35,0.439935524,0.076421185,3.470978858,0.334534626,
PL,740,Non-REM Sleep,33,0.430216145,0.057705414,3.397073654,0.231578214,
PL,750,Non-REM Sleep,36,0.440570063,0.052772946,3.532254229,0.332963154,
PL,760,Non-REM Sleep,35,0.46084857,0.088384425,3.634824785,0.416108511,
PL,770,Non-REM Sleep,33,0.436920673,0.068477195,3.291041477,0.256655652,
PL,780,Non-REM Sleep,34,0.438244468,0.054539126,3.400018245,0.114987956,
PL,790,Non-REM Sleep,36,0.42450075,0.060743026,3.573653992,0.319778865,
PL,800,Non-REM Sleep,29,0.651712305,1.004359163,3.310957244,1.228225557,
PL,810,Non-REM Sleep,34,0.481228748,0.087619784,3.451599399,0.342908676,
PL,820,Non-REM Sleep,35,0.46178746,0.066776383,3.515743327,0.334040692,
PL,830,Non-REM Sleep,35,0.475678767,0.065908284,3.552517889,0.150350824,
PL,840,Non-REM Sleep,36,0.483797862,0.05447683,3.533249663,0.143407276,
PL,850,Non-REM Sleep,35,0.554853954,0.35876431,3.599392694,0.53978259,
PL,860,Non-REM Sleep,38,0.563791991,0.626309803,4.097913824,1.387686124,
PL,870,Non-REM Sleep,35,0.618181369,0.086225805,3.459363856,0.172232308,
PL,880,Non-REM Sleep,36,0.641831282,0.186745359,3.60417478,0.325258794,
PL,890,Non-REM Sleep,35,0.682600097,0.282215242,3.53415625,0.282242666,
PL,900,Non-REM Sleep,34,0.633716372,0.272705427,3.429617072,0.279605351,
PL,910,Non-REM Sleep,33,0.697959065,0.378197958,3.396880182,0.639728294,
PL,920,Non-REM Sleep,37,0.529799899,0.335523591,3.931061937,1.241334431,
PL,930,Non-REM Sleep,36,0.556792159,0.100950264,3.584412536,0.277289669,
PL,940,Non-REM Sleep,33,0.535253363,0.053065668,3.385203115,0.114808494,
PL,950,Non-REM Sleep,36,0.531698262,0.054394245,3.541601693,0.353198589,
PL,960,Non-REM Sleep,35,0.546350845,0.056060152,3.623417712,0.336968584,
PL,970,Non-REM Sleep,37,0.53907016,0.081289036,3.673893396,0.430642224,
PL,980,Non-REM Sleep,34,0.542762827,0.068158467,3.427720368,0.136642715,
PL,990,Non-REM Sleep,34,0.58335699,0.28035395,3.453440495,0.272608149,
PL,1000,Non-REM Sleep,35,0.579308847,0.357543716,3.461160747,0.368867286,
PL,1010,Non-REM Sleep,39,0.501357354,0.443209653,4.41742867,1.926280738,
PL,1020,Non-REM Sleep,35,0.565950997,0.200510731,3.540406632,0.278741096,
PL,1030,Non-REM Sleep,34,0.581698168,0.319033122,3.564966713,0.96671956,
PL,1040,Non-REM Sleep,32,3.172263573,0.639727674,3.199135152,0.321145932,
PL,1050,Non-REM Sleep,32,2.92967071,0.276682517,3.188986484,0.215083529,
PL,1060,Non-REM Sleep,30,3.21731671,1.108450808,3.100131494,0.548042852,
PL,1070,Non-REM Sleep,32,3.195443311,0.36309468,3.217401818,0.356736778,
PL,1080,Non-REM Sleep,30,2.717308613,0.160046194,3.012369221,0.145564082,
PL,1090,Non-REM Sleep,30,2.510806175,0.21168871,3.039439961,0.131570728,
PL,1100,Non-REM Sleep,32,2.454508333,0.192991383,3.157631773,0.139528552,
PL,1110,Non-REM Sleep,31,2.390702463,0.146739499,3.076482792,0.097755634,
PL,1120,Non-REM Sleep,30,2.354010965,0.163727106,3.080994063,0.094670601,
PL,1130,Non-REM Sleep,33,2.442471736,0.262550118,3.268808556,0.25454122,
PL,1140,Non-REM Sleep,31,2.821875254,0.279177975,3.135502169,0.25550914,
PL,1150,Non-REM Sleep,30,2.834885565,0.328632573,2.980506476,0.203883643,
PL,1160,Non-REM Sleep,30,2.617446138,0.221415462,3.085962481,0.282170046,
PL,1170,Non-REM Sleep,31,2.591873152,0.247929929,3.138490204,0.204705372,
PL,1180,Non-REM Sleep,30,2.34193976,0.164392976,2.966161119,0.149242683,
PL,1190,Non-REM Sleep,31,2.526837305,0.258558767,3.059261637,0.221068034,
PL,1200,Non-REM Sleep,29,2.339441544,0.157105269,2.997598049,0.108708974,
PL,1210,Non-REM Sleep,30,2.235358859,0.267800126,3.009043304,0.266106706,
PL,1220,Non-REM Sleep,30,2.337392379,0.194433553,2.974330758,0.166094514,
PL,1230,Non-REM Sleep,29,2.342316079,0.323534703,2.859152249,0.185591951,
PL,1240,Non-REM Sleep,35,0.795383335,0.375111465,3.610557026,0.419134424,
PL,1250,Non-REM Sleep,38,0.815859607,0.258213652,3.829173567,0.753618346,
PL,1260,Non-REM Sleep,37,0.894180292,0.312393946,3.838825093,0.45824414,
PL,1270,Non-REM Sleep,38,1.076933555,0.20629106,3.7427202,0.1437872,
PL,1280,Non-REM Sleep,30,0.835400057,0.484386215,3.525684497,1.1764951,
PL,1290,Non-REM Sleep,38,0.741349007,0.252234576,3.788087109,0.714408237,
PL,1300,Non-REM Sleep,38,0.881545813,0.181835132,3.77756165,0.118545202,
PL,1310,Non-REM Sleep,36,1.020747935,0.572513175,4.024400806,0.975883547,
PL,1530,WAKE,185,8.096771923,4.360859285,19.39890748,4.900887231,
PL,1540,WAKE,100,13.25471482,12.22360016,18.18973498,13.60226673,
PL,1550,WAKE,100,18.3949732,13.07576671,14.31978935,6.655069154,
PL,1560,WAKE,155,10.3788184,11.9835899,17.99627579,8.306375433,
PL,1570,WAKE,175,4.56657329,5.185693826,17.82554352,6.644230147,
PL,1580,WAKE,175,4.397656503,6.682176567,19.36866128,7.730013312,
PL,1590,WAKE,135,8.55777508,10.74750293,16.02862343,5.838578505,
PL,1600,WAKE,150,3.574065729,2.521039881,15.68935983,3.683526085,
PL,1610,WAKE,165,7.457405887,9.497315968,18.72195638,5.987625435,
PL,1620,WAKE,150,6.084747009,7.335659408,18.79921183,9.650273627,
PL,1630,WAKE,125,11.95252027,10.8838701,18.87704471,10.25894837,
PL,1640,WAKE,80,8.45319147,13.29832383,14.90444128,9.396335682,
PL,1650,WAKE,170,3.589541146,6.442678786,20.28016876,8.65184264,
PL,1660,WAKE,175,3.122945975,4.103857279,20.16458949,7.482776866,
PL,1670,WAKE,180,2.013765601,2.290295604,22.0825509,10.72666334,
PL,1680,WAKE,135,3.72267899,7.912357373,20.00683408,8.661726293,
PL,1690,WAKE,160,2.247908608,3.929429571,22.15619415,11.04240466,
PL,1700,WAKE,155,2.937342165,11.70307299,18.67770259,8.471279799,
PL,1710,WAKE,120,3.341302211,12.64745434,17.70366249,7.968679972,
PL,1720,WAKE,80,6.891573913,13.00012043,15.4890438,9.83009754,
PL,1730,WAKE,115,2.625400991,8.364956966,19.59140506,10.43590526,
PL,1740,WAKE,120,7.442823052,8.073777213,16.83604083,9.052524284,
PL,1750,WAKE,165,2.996148796,4.99693941,19.69007332,7.157699544,
PL,1760,WAKE,175,1.982697855,1.84334273,21.22792639,11.44344317,
PL,1770,WAKE,170,2.514111229,4.414315214,20.80503355,10.49854277,
PL,1780,WAKE,180,0.679284099,0.925937621,19.95714325,5.786002877,
PL,1790,WAKE,175,0.834053833,0.887540661,21.11113618,8.813493908,
PL,1800,WAKE,115,3.916179893,8.131842474,15.82191104,7.614070749,
PL,1810,WAKE,75,16.60962773,9.622189054,14.29914365,8.730673963,
PL,1820,WAKE,70,22.96198867,10.50224465,9.472951498,5.375671703,
PL,1830,REM Sleep,58,5.300825715,0.987967584,5.948863949,0.596320618,
PL,1830,WAKE,130,16.42903918,10.26233384,17.93409633,8.598668175,
PL,1840,REM Sleep,56,5.511770524,0.728802602,5.65549077,1.02645448,
PL,1840,WAKE,85,17.02301326,13.25910898,16.81851264,9.440196774,
PL,1850,REM Sleep,50,6.686167264,2.590327146,5.309006009,1.59961206,
PL,1850,WAKE,135,3.852511515,7.671984996,19.25036845,11.0281682,
PL,1860,REM Sleep,58,8.077036769,1.554571344,5.918090498,0.778178823,
PL,1860,WAKE,100,10.92779045,11.86477293,14.86442361,7.390668893,
PL,1870,REM Sleep,70,7.194488646,2.962833739,7.976176484,3.69841073,
PL,1870,WAKE,40,20.08317338,11.82811696,11.9573149,4.31001851,
PL,1880,REM Sleep,68,7.220247346,2.1554882,7.034686071,1.479054158,
PL,1880,WAKE,70,21.91825578,10.04471818,13.51848732,9.094138189,
PL,1890,REM Sleep,78,6.385036259,3.752129936,9.058712209,4.356209132,
PL,1890,WAKE,70,13.46649568,12.87885202,13.37514514,9.014696856,
PL,1900,REM Sleep,62,8.986258786,1.332745344,6.390266213,0.922699106,
PL,1900,WAKE,40,24.67211356,9.428596611,14.00878984,6.360176713,
PL,1910,REM Sleep,66,8.722336016,2.452752742,6.686780671,1.502372308,
PL,1910,WAKE,70,18.3019625,11.22536662,12.92222577,9.847324412,
PL,1920,REM Sleep,74,7.261421313,2.640587779,8.058580439,2.309841195,
PL,1920,WAKE,80,17.59038865,11.60486792,18.89427297,10.91855306,
PL,1930,REM Sleep,50,6.903008553,3.877794263,6.790671004,2.460894606,
PL,1930,WAKE,70,11.81349741,10.61026022,15.29967528,10.85484865,
PL,1940,REM Sleep,66,3.190705197,3.392294656,7.861375916,4.146622291,
PL,1940,WAKE,190,1.228897774,1.519828999,20.79295527,7.586160128,
PL,1950,WAKE,160,2.65926256,5.326854164,18.05339815,6.435964481,
PL,1960,WAKE,155,1.423768492,2.177546948,19.39811203,8.333989262,
PL,1970,WAKE,175,1.337431156,1.704931968,20.56867255,9.29183173,
PL,1980,WAKE,160,1.55206269,4.431153402,17.66824758,5.624458673,
PL,1990,WAKE,180,1.178529642,1.614019093,21.57067985,8.149025247,
PL,2000,WAKE,185,0.34374114,0.575808453,20.62120649,6.410756244,
PL,2010,WAKE,170,1.319123855,3.122467358,20.8518541,7.555110232,
PL,2020,WAKE,155,2.427713749,2.706166922,20.00835046,12.2126404,
PL,2030,WAKE,160,0.517320114,1.223269805,18.60427942,7.599189954,
PL,2040,WAKE,160,0.271548092,0.338707547,17.87237762,5.72731684,
PL,2050,WAKE,165,1.249868065,2.974899276,19.6126822,8.561391997,
PL,2060,WAKE,145,3.907651634,7.346290794,18.69943842,7.487058816,
PL,2070,WAKE,65,20.73421254,12.48944425,8.961891402,4.701159041,
PL,2080,WAKE,305,4.747535855,3.634110892,35.57510307,9.903954924,
PL,2090,WAKE,185,3.991286424,7.750921876,24.65320062,11.17270307,
PL,2100,WAKE,160,4.891484306,8.806837561,24.72787491,11.0875035,
PL,2110,WAKE,40,20.52898125,7.69176635,13.11510248,4.340643222,
PL,2120,WAKE,60,21.42082563,13.60964839,11.611736,8.119258662,
PL,2130,WAKE,70,9.482642325,10.80587154,12.44540262,8.720182649,
PL,2140,WAKE,160,0.490747082,0.925648033,18.7884421,6.289180898,
PL,2150,WAKE,135,6.347517416,9.487265568,17.19809414,9.14604202,
PL,2160,WAKE,65,10.86163671,11.9996521,15.09902662,14.10811285,
PL,2170,WAKE,90,7.601743426,9.971196167,13.72085728,6.398823865,
PL,2180,WAKE,100,5.202703234,8.908084961,14.1769601,7.199822453,
PL,2190,WAKE,90,15.83975496,9.894711349,13.41869278,7.65764192,
PL,2200,WAKE,65,9.110046078,13.56967705,16.93103112,18.34801448,
PL,2210,WAKE,105,9.87235244,11.5628504,13.30583674,6.656870861,
PL,2220,WAKE,90,8.153048842,12.49496349,13.8193465,7.583658007,
PL,2230,WAKE,75,15.60401259,11.42301987,14.52504627,9.676000584,
PL,2240,WAKE,80,16.50572436,13.01746652,13.39477854,10.87223548,
PL,2250,WAKE,130,9.631215712,9.086638517,21.91608251,9.888552223,
PL,2260,WAKE,195,7.135501153,7.407708562,23.47206145,10.78276592,
PL,2270,WAKE,70,18.58880663,10.94778977,12.47125378,6.871137041,
PL,2280,WAKE,50,18.80195121,9.579903596,9.054672469,8.436217464,
PL,2290,WAKE,75,9.578860024,11.04977157,11.16416531,5.646273894,
PL,2300,WAKE,105,10.15605998,11.20347096,15.35952728,10.38992943,
PL,2310,WAKE,60,11.84543954,13.36249036,13.05101082,8.680285804,
PL,2320,WAKE,140,7.701023848,10.33871458,16.85584669,9.217892612,
PL,2330,WAKE,80,21.38482978,8.263565518,11.44052575,6.199806809,
PL,2340,WAKE,100,13.8560624,10.35950368,15.60600568,8.00151672,
PL,2350,WAKE,60,20.673817,11.32981782,16.77524845,18.33247079,
PL,2360,WAKE,155,3.339931943,1.950692902,19.53678831,8.196345113,
PL,2370,WAKE,50,15.90261968,15.3287415,9.748235833,5.96003606,
PL,2380,WAKE,40,18.13561032,12.31998552,14.50297006,18.8080911,
PL,2390,WAKE,10,25.74074468,0.204407908,2.216684366,1.448239743,
PL,2400,WAKE,80,10.89293491,8.066941778,15.82236886,8.447449975,
PL,2410,WAKE,65,23.17556055,9.049730055,10.12560775,8.252644804,
PL,2420,WAKE,85,17.09949569,12.62698743,14.11370796,9.13364775,
PL,2430,WAKE,75,18.51869422,12.30574533,12.56576701,8.831583254,
PL,2440,WAKE,70,20.75485839,13.87182065,13.72748372,7.662147493,
PL,2450,WAKE,95,13.97596945,12.15314581,15.47430459,10.54820767,
PL,2460,WAKE,145,7.599342396,7.892773877,17.66769361,6.770362615,
PL,2470,WAKE,100,11.69003314,12.02884702,15.61973815,8.770199515,
PL,2480,WAKE,155,8.7197825,7.025946737,19.38944271,9.095557383,
PL,2490,WAKE,105,11.29700537,9.477328054,17.86731649,10.27283278,
PL,2500,WAKE,85,22.44171067,11.5671021,17.16318693,13.3598727,
PL,2510,WAKE,70,14.30079879,12.9396583,16.40575408,11.67024913,
PL,2520,WAKE,40,25.45863004,4.745595309,8.463326496,5.845490232,
PL,2530,WAKE,135,9.894353674,8.552089765,14.84528732,4.03816368,
PL,2540,WAKE,55,16.17338948,12.70187598,13.00535091,8.866635431,
PL,2550,WAKE,140,9.219151476,10.91405289,17.44127559,8.566826748,
PL,2560,WAKE,80,18.28445418,12.53170885,14.67139543,9.293414911,
PL,2570,WAKE,30,29.05780206,1.074974919,9.881034344,3.343193413,
PL,2580,WAKE,125,5.541882035,5.052969773,15.19951016,7.028772817,
PL,2590,WAKE,125,1.346469919,2.419433417,16.58738946,9.450539959,
PL,2600,WAKE,130,7.897421632,8.406100953,15.13849494,5.669511167,
PL,2610,WAKE,175,2.081105939,2.886407734,20.07215372,6.649331396,
PL,2620,WAKE,170,4.478652899,5.729216516,20.27217556,7.440624096,
PL,2630,WAKE,165,6.061184343,6.032174219,19.55945622,6.401871835,
PL,2640,WAKE,160,2.602476816,3.31608278,17.47699527,6.037038987,
PL,2650,WAKE,150,2.312286756,2.139187223,17.35678532,6.336995722,
PL,2660,WAKE,140,1.164752379,3.318641797,16.53084731,6.122242459,
PL,2670,WAKE,55,20.09537469,13.53721766,11.36980766,9.631158486,
PL,2680,WAKE,90,21.26046813,11.07517601,12.95864218,7.511018472,
PL,2690,WAKE,160,5.289777762,6.298979328,20.0078258,9.862026134,
PL,2700,WAKE,155,2.419307187,3.333567848,19.50749846,7.578968758,
PL,2710,WAKE,165,1.415245566,1.9365364,19.07270158,7.681756552,
PL,2720,WAKE,150,2.765559296,3.335490707,18.07948669,8.030640711,
PL,2730,WAKE,190,2.574489318,2.756980915,22.40747384,8.634014033,
PL,2740,WAKE,135,2.60731511,1.663996486,19.50097486,9.588202325,
PL,2750,WAKE,150,1.438485855,2.068842353,17.18016544,6.360972408,
PL,2760,WAKE,180,0.457386827,0.498383152,20.30350115,6.674138629,
PL,2770,WAKE,185,0.832400568,0.987435583,21.50152778,7.631899995,
PL,2780,WAKE,160,1.497992811,1.307825428,18.22358472,6.769266943,
PL,2790,WAKE,210,1.398299565,1.528911355,24.74196865,8.502222718,
PL,2800,WAKE,205,0.480441344,0.515604341,22.91462983,7.842454896,
PL,2810,WAKE,210,0.712625902,0.947353424,22.66393015,7.040467255,
PL,2820,WAKE,190,0.553063303,0.707357767,21.5252913,7.130986803,
PL,2830,WAKE,200,0.738609558,1.061817981,22.31100775,7.397890523,
PL,2840,WAKE,195,1.311583854,1.753075147,23.16950849,8.95086792,
PL,2850,WAKE,165,0.405041968,0.899293993,19.17649971,8.028480372,
PL,2860,WAKE,160,0.63229052,0.924477943,19.39506541,8.472577257,
PL,2870,WAKE,170,0.762134358,0.930547321,19.56198157,7.384573237,
PL,2880,WAKE,155,0.955296584,1.569880993,17.36203119,6.827897284,
PL,2890,WAKE,170,0.658600618,1.29654995,18.8446306,6.254318121,
PL,2900,WAKE,170,2.429414097,5.120604732,19.62687555,7.739838356,
PL,2910,WAKE,140,7.27431668,9.49355155,18.5278791,8.003268796,
PL,2920,WAKE,70,15.93673567,10.83482999,13.77011452,9.791007852,
PL,2930,WAKE,100,15.57530308,14.76445442,16.27043354,13.00610778,
PL,2940,WAKE,75,8.359600798,10.34113893,13.58232722,7.871526754,
PL,2950,WAKE,180,1.101599741,2.794697894,20.44707252,7.203820493,
PL,2960,WAKE,155,1.377219698,1.429537727,18.39070749,7.702788459,
PL,2970,WAKE,170,1.181270272,1.470319645,18.63066291,5.637666406,
PL,2980,WAKE,180,0.822065337,1.467953693,20.63427882,8.195754024,
PL,2990,WAKE,175,1.124531159,0.980393079,19.96351423,7.450006233,
PL,3000,WAKE,210,0.515064859,0.506902005,22.95322352,6.972619904,
PL,3010,WAKE,195,0.199186927,0.189035181,22.69291992,7.468542517,
PL,3020,WAKE,195,0.256919261,0.3468086,21.59935462,6.287475783,
PL,3030,WAKE,235,0.41761005,0.509994896,24.5119261,5.378127548,
PL,3040,WAKE,240,0.296744126,0.421411618,25.94894479,6.949389831,
PL,3050,WAKE,200,0.317800038,0.410930725,22.58664591,7.923466969,
PL,3060,WAKE,180,0.424396667,0.512338899,21.37918584,8.00806402,
PL,3070,WAKE,210,0.311456726,0.25974408,25.09368706,9.457858416,
PL,3080,WAKE,205,0.232717844,0.311627216,22.90808516,7.230816213,
PL,3090,WAKE,170,0.428883899,0.869734875,19.00789932,6.448313099,
PL,3100,WAKE,155,2.449738649,1.989649117,19.61600862,8.798920659,
PL,3110,WAKE,175,3.228796519,2.416428357,20.59790482,8.227783616,
PL,3120,WAKE,175,3.046951345,2.593868096,20.77700786,8.499142855,
PL,3130,WAKE,180,3.383731357,2.628959552,20.57205574,6.764417089,
PL,3140,WAKE,210,2.994846235,1.755439448,23.30934156,7.380088455,
PL,3150,WAKE,190,2.558121088,2.387598384,20.98826639,6.575915016,
PL,3160,WAKE,135,6.206265348,9.867185799,19.30661918,8.499617821,
PL,3170,WAKE,110,21.83715775,11.82897253,18.28465849,8.794944335,
PL,3180,WAKE,120,9.373249641,13.77151844,19.70236773,10.73149833,
PL,3190,WAKE,50,16.30531298,10.78078965,15.46049248,9.482780871,
PL,3200,WAKE,45,25.81405171,5.031018596,7.166433191,4.583151384,
PL,3210,WAKE,115,21.77748206,8.837027508,16.58198739,9.636327529,
PL,3220,WAKE,120,22.35290894,8.565985846,17.12357784,8.299103406,
PL,3230,WAKE,120,18.63048818,13.02965676,15.00938754,6.375661478,
PL,3240,WAKE,65,27.01287047,4.593612343,10.35214761,7.218238578,
PL,3250,WAKE,40,24.71840258,9.290191772,7.355171014,7.494654949,
PL,3260,WAKE,85,16.38450748,13.78632444,11.27748977,7.309123204,
PL,3270,WAKE,70,21.79739326,12.84213681,13.34158902,9.557239905,
PL,3280,WAKE,75,26.16872586,7.825020951,9.740202401,5.063419516,
PL,3290,WAKE,60,23.8445144,10.0824846,10.64038399,10.15747525,
PL,3300,WAKE,90,19.53295456,12.18792577,12.2897552,6.850557771,
PL,3310,WAKE,120,19.53413791,11.92288962,14.66806247,6.291309763,
PL,3320,WAKE,150,15.32934239,7.109961484,16.74042649,4.50081258,
PL,3330,WAKE,145,17.22344834,11.00812715,17.77844746,7.654482858,
PL,3340,WAKE,125,18.63455876,10.36670568,17.38398591,8.491780498,
PL,3350,WAKE,120,14.57619184,12.58009905,17.38832943,12.36963413,
PL,3360,WAKE,105,13.26736276,13.55779706,16.25986467,9.536468469,
PL,3370,WAKE,165,10.75638135,9.847392771,19.118213,8.354239813,
PL,3380,WAKE,135,16.97484055,12.44688686,16.77716865,6.714113017,
PL,3390,WAKE,145,9.966154371,11.55053436,19.13014275,7.791297593,
PL,3400,WAKE,155,15.02495326,13.62917925,20.85234493,11.69416791,
PL,3410,WAKE,120,16.09847094,10.3407712,15.8644081,9.153792052,
PL,3420,WAKE,175,11.2281422,9.684626254,19.64341711,6.159792554,
PL,3430,WAKE,140,17.47699627,11.22017799,18.33607365,9.069563702,
PL,3440,WAKE,115,19.43051741,10.80786658,18.71029895,7.353223669,
PL,3450,WAKE,75,22.18290265,11.05682261,13.04198646,8.164225553,
PL,3460,WAKE,120,20.02971567,10.62945093,16.31342848,9.754744021,
PL,3470,WAKE,105,18.60619525,12.43883434,15.421457,9.154326754,
PL,3480,WAKE,110,18.06169756,14.01019689,15.71388755,7.686754316,
PL,3490,WAKE,70,24.96360824,10.1465624,7.037118031,7.391890988,
PL,3500,WAKE,50,27.41666547,6.547004185,9.549218013,5.210052161,
PL,3510,WAKE,70,24.96076139,8.936503317,8.63822638,5.240066358,
PL,3520,WAKE,120,15.68851125,10.98429358,16.64752366,9.201549475,
PL,3530,WAKE,100,21.97731974,12.96509151,14.65171658,8.541718968,
PL,3540,WAKE,100,19.68246897,9.875825986,17.36021935,11.66065067,
PL,3550,WAKE,125,18.72123294,11.76190798,16.21168416,8.174154128,
PL,3560,WAKE,145,15.20192842,11.83359065,18.23863854,8.350636228,
PL,3570,WAKE,155,15.15905696,12.05253271,21.14209017,8.763032463,
PL,3580,WAKE,150,18.7455062,9.493157917,19.99088984,8.326715937,
PL,3590,WAKE,130,20.2112067,10.30783502,18.65131576,10.32634883,
PL,3600,WAKE,145,19.03217404,12.10880032,17.46899813,7.281610448,
PL,3610,WAKE,135,19.5505232,10.22455215,18.23050888,8.301031176,
PL,3620,WAKE,120,18.35351523,11.32142835,18.51923163,10.82098966,
PL,3630,WAKE,100,19.72641985,12.34298032,18.62621932,13.92085292,
PL,3640,WAKE,140,15.40249898,12.404519,18.83409638,12.20672272,
PL,3650,WAKE,105,19.36539699,13.17914403,15.48741928,7.50095706,
PL,3660,WAKE,155,21.29381743,2.02332645,15.53779313,5.708622271,
PL,3670,WAKE,160,19.40420692,3.741466132,16.46688543,5.139258931,
PL,3680,WAKE,140,19.56559853,4.30052954,15.41329927,5.627690069,
PR,0,Non-REM Sleep,28,1.566223366,0.195103589,2.787756317,0.340789381,
PR,10,Non-REM Sleep,27,1.436784485,0.183279416,2.77315106,0.10306297,
PR,20,Non-REM Sleep,31,1.435923243,0.234249964,3.069832708,0.325569767,
PR,30,Non-REM Sleep,30,1.238126687,1.440276188,3.232892887,0.990627805,
PR,40,Non-REM Sleep,27,0.677383799,1.001738924,2.887287384,1.002140497,
PR,50,Non-REM Sleep,24,0.769572649,0.114225804,2.436071961,0.168034645,
PR,60,Non-REM Sleep,25,0.705429486,0.060833346,2.531673272,0.082910296,
PR,70,Non-REM Sleep,27,0.676782584,0.135455344,2.749807793,0.689760027,
PR,80,Non-REM Sleep,25,0.652477943,0.069585942,2.478587362,0.060077779,
PR,90,Non-REM Sleep,26,0.592053572,0.180102222,2.720784453,0.77976486,
PR,100,Non-REM Sleep,26,0.51789104,0.420682443,2.96179486,1.006158469,
PR,110,Non-REM Sleep,26,0.291537395,0.122242895,2.72674701,0.691193226,
PR,120,Non-REM Sleep,29,0.752956984,0.282087248,2.94741637,0.43860947,
PR,130,Non-REM Sleep,31,0.62386718,0.217325043,3.219198238,1.156135862,
PR,140,Non-REM Sleep,32,0.440242782,0.149097577,3.318767631,0.761041221,
PR,150,Non-REM Sleep,30,0.533647659,0.111737561,3.072332474,0.262236122,
PR,160,Non-REM Sleep,30,0.399302953,0.044769841,2.980509121,0.30018801,
PR,170,Non-REM Sleep,31,0.438507928,0.112577243,3.139191152,0.34621173,
PR,180,Non-REM Sleep,31,0.419266947,0.133077649,3.238463074,0.709121173,
PR,190,Non-REM Sleep,30,0.409222864,0.04018332,2.915903911,0.080761803,
PR,200,Non-REM Sleep,29,0.380063372,0.054190313,2.923038096,0.112196985,
PR,210,Non-REM Sleep,31,0.35000182,0.042778602,3.163396041,0.353830707,
PR,220,Non-REM Sleep,27,2.132492772,0.383515193,2.748074178,0.185600682,
PR,230,Non-REM Sleep,28,2.122618931,0.627539499,2.801819929,0.275334478,
PR,240,Non-REM Sleep,29,1.93173004,0.996155373,3.10983871,0.999136186,
PR,250,Non-REM Sleep,27,2.158636054,0.324934793,2.707992392,0.075877862,
PR,260,Non-REM Sleep,28,2.190875154,0.266754715,2.796773151,0.17573742,
PR,270,Non-REM Sleep,29,2.12537483,0.666447627,2.921804728,0.70938349,
PR,280,Non-REM Sleep,28,1.827468792,0.890182417,3.008363953,0.991438569,
PR,290,Non-REM Sleep,26,2.082521554,0.218345385,2.780840416,0.834436972,
PR,300,Non-REM Sleep,27,2.099853802,0.097703488,2.677288583,0.082731296,
PR,310,Non-REM Sleep,27,2.024935648,0.195769943,2.656461321,0.123318702,
PR,320,Non-REM Sleep,27,1.974631802,0.155418601,2.793674295,0.257844552,
PR,330,Non-REM Sleep,27,2.119459567,0.353038085,2.680043131,0.304061876,
PR,340,Non-REM Sleep,25,2.021411577,0.166108316,2.555810741,0.208660365,
PR,350,Non-REM Sleep,27,1.912218712,0.151032197,2.683588714,0.115175929,
PR,360,Non-REM Sleep,26,1.83711529,0.133789504,2.619342382,0.110354054,
PR,370,Non-REM Sleep,26,1.835094876,0.088265462,2.615865339,0.102726225,
PR,380,Non-REM Sleep,27,1.838674676,0.140180023,2.690454346,0.119094305,
PR,390,Non-REM Sleep,27,1.772341423,0.145878601,2.66097858,0.091400764,
PR,400,Non-REM Sleep,28,1.841745115,0.234109856,2.799785019,0.205871966,
PR,410,Non-REM Sleep,27,1.924495766,0.550455576,2.744572933,0.215365559,
PR,420,Non-REM Sleep,27,1.603591889,0.165131485,2.696485896,0.16471059,
PR,430,Non-REM Sleep,26,1.648972973,0.145719476,2.621673852,0.083299487,
PR,440,Non-REM Sleep,26,1.644316609,0.107656257,2.641674778,0.095040101,
PR,450,Non-REM Sleep,27,1.630777319,0.105339333,2.661305076,0.102699229,
PR,460,Non-REM Sleep,28,1.613260147,0.261313082,2.858884829,0.290067315,
PR,470,Non-REM Sleep,27,1.650870963,0.17029283,2.688616622,0.144973835,
PR,480,Non-REM Sleep,27,1.440271741,0.130374921,2.674143844,0.101967653,
PR,490,Non-REM Sleep,26,1.4998107,0.103852961,2.675379784,0.096287136,
PR,500,Non-REM Sleep,27,1.528803657,0.194028276,2.708985185,0.296850272,
PR,510,Non-REM Sleep,34,1.214410624,0.606791712,3.442089511,0.526458417,
PR,520,Non-REM Sleep,33,0.680015087,0.27331043,3.480760926,0.826499176,
PR,530,Non-REM Sleep,31,0.87708309,0.251871848,3.31272268,1.246202732,
PR,540,Non-REM Sleep,31,0.448694269,0.17812336,3.36558814,1.089502875,
PR,550,Non-REM Sleep,31,0.351584068,0.131700707,3.180705744,0.831179424,
PR,560,Non-REM Sleep,32,0.18481318,0.12311336,3.594391846,1.258784258,
PR,570,Non-REM Sleep,37,0.09104677,0.075266316,4.184824225,1.363819142,
PR,580,Non-REM Sleep,36,0.086758959,0.064158372,4.050195809,1.470707625,
PR,590,Non-REM Sleep,40,0.077908754,0.138619792,4.493797313,1.674932776,
PR,600,Non-REM Sleep,35,0.039213528,0.038009097,3.993708604,1.57599923,
PR,610,Non-REM Sleep,33,0.100151587,0.028123304,3.420379842,0.870445786,
PR,620,Non-REM Sleep,35,0.08344783,0.042059765,3.853431753,1.36522228,
PR,630,Non-REM Sleep,35,0.197795063,0.349863974,3.579899455,0.954254937,
PR,640,Non-REM Sleep,31,0.126733992,0.061465008,3.361693317,0.930660066,
PR,650,Non-REM Sleep,33,0.149583092,0.02693497,3.367247627,0.324873909,
PR,660,Non-REM Sleep,34,0.143951382,0.019052303,3.333558885,0.195269741,
PR,670,Non-REM Sleep,33,0.137641926,0.022239832,3.308109577,0.169982223,
PR,680,Non-REM Sleep,32,0.129922778,0.01991362,3.300509635,0.24603947,
PR,690,Non-REM Sleep,33,0.126315498,0.018775286,3.232567809,0.143588188,
PR,700,Non-REM Sleep,33,0.124549001,0.019969875,3.351069444,0.293042808,
PR,710,Non-REM Sleep,33,0.113082691,0.012705672,3.303763137,0.170256456,
PR,720,Non-REM Sleep,33,0.115704121,0.01853031,3.310572126,0.257444369,
PR,730,Non-REM Sleep,32,0.103480532,0.02376517,3.245124019,0.224624899,
PR,740,Non-REM Sleep,33,0.09850479,0.025279725,3.266508968,0.227633058,
PR,750,Non-REM Sleep,32,0.099889362,0.020907964,3.300086931,0.318206599,
PR,760,Non-REM Sleep,36,0.098565625,0.059387168,3.615778131,0.41826032,
PR,770,Non-REM Sleep,36,0.116483089,0.042286057,3.648144633,0.429571027,
PR,780,Non-REM Sleep,36,0.106313346,0.035613156,3.560404786,0.301505572,
PR,790,Non-REM Sleep,32,0.092560714,0.016173478,3.276359228,0.20534927,
PR,800,Non-REM Sleep,33,0.092770939,0.023288919,3.265214929,0.283739957,
PR,810,Non-REM Sleep,32,0.089334111,0.016053808,3.245988331,0.162550734,
PR,820,Non-REM Sleep,33,0.090039457,0.020890895,3.361990799,0.364835053,
PR,830,Non-REM Sleep,35,0.088931593,0.020466961,3.482980799,0.433094565,
PR,840,Non-REM Sleep,33,0.104421555,0.087832751,3.393028366,0.339288337,
PR,850,Non-REM Sleep,35,0.080737123,0.034460616,3.597638044,0.913879866,
PR,860,Non-REM Sleep,33,0.072065697,0.030139153,3.45939451,0.706768064,
PR,870,Non-REM Sleep,35,0.077429705,0.014948163,3.438672309,0.217752864,
PR,880,Non-REM Sleep,33,0.067887588,0.016990951,3.344415126,0.22996654,
PR,890,Non-REM Sleep,34,0.061277898,0.033571263,3.599958835,0.925540829,
PR,900,Non-REM Sleep,34,0.063779777,0.018467832,3.33401766,0.276829038,
PR,910,Non-REM Sleep,35,0.058565486,0.028227226,3.692892024,0.936532208,
PR,920,Non-REM Sleep,35,0.059463811,0.038741065,3.528511486,0.478158539,
PR,930,Non-REM Sleep,33,0.055565589,0.018626597,3.329818866,0.218711128,
PR,940,Non-REM Sleep,33,0.049792634,0.020229206,3.421876884,0.984248189,
PR,950,Non-REM Sleep,32,0.041698998,0.013515159,3.213772524,0.321845609,
PR,960,Non-REM Sleep,31,0.041192285,0.018410387,3.170869851,0.443555588,
PR,970,Non-REM Sleep,31,0.040790017,0.014828843,3.21050725,0.383864399,
PR,980,Non-REM Sleep,32,0.04326569,0.021724724,3.230787257,0.409969303,
PR,990,Non-REM Sleep,33,0.060113351,0.105582966,3.458644697,1.10827763,
PR,1000,Non-REM Sleep,33,0.072673114,0.024274523,3.325504567,0.358930749,
PR,1950,REM Sleep,64,4.898147557,4.276003682,6.753088737,2.002344048,
PR,1960,REM Sleep,70,6.67678969,3.903112639,7.284175227,1.484929823,
PR,1970,REM Sleep,62,6.115460595,2.752039327,6.692023348,2.433025794,
PR,1980,REM Sleep,84,3.846392925,2.516999726,9.590218077,3.611723221,
PR,1990,REM Sleep,76,3.960243307,3.311020513,8.422617204,2.442494196,
PR,2000,REM Sleep,54,5.464934371,1.951691254,6.032329539,2.803512703,
PR,2010,REM Sleep,60,5.509030952,2.014444403,6.205574093,1.472643288,
PR,2020,REM Sleep,58,4.222876065,2.233590002,6.209531354,2.046176534,
PR,2030,REM Sleep,66,4.808430443,1.816187022,7.151506035,2.381169635,
PR,2040,REM Sleep,70,3.577990218,2.131338529,8.142048298,3.42940047,
PR,2050,REM Sleep,62,4.887979895,2.053945538,6.24770169,1.509136398,
PR,2060,REM Sleep,56,4.762554207,1.351257609,5.878764908,1.002630074,
PR,2070,REM Sleep,70,5.863920334,1.798996725,7.441175092,2.414745036,
PR,2080,REM Sleep,86,4.022817605,2.443910709,9.066655484,2.667410869,
PR,2090,REM Sleep,74,4.548083603,2.613754717,8.396670883,3.629204914,
PR,2100,REM Sleep,62,5.970492732,2.428347177,6.5432548,1.942648187,
PR,2110,REM Sleep,60,6.740682957,1.299578371,6.457055827,1.684873295,
PR,2120,REM Sleep,60,9.512805136,12.07817937,6.462804417,1.473123668,
PR,3690,WAKE,100,9.678259327,10.63521893,15.43493844,8.21589826,
PR,3700,WAKE,150,8.326345726,6.290782587,17.1836288,6.502826718,
PR,3710,WAKE,150,8.265229022,10.02208075,17.54754878,6.313414902,
PR,3720,WAKE,150,7.671737136,9.016103559,25.74051404,12.60739834,
PR,3730,WAKE,120,13.40259991,10.19545768,16.5988713,10.26156335,
PR,3740,WAKE,165,8.113174216,6.043999769,17.828343,5.637469433,
PR,3750,WAKE,145,10.0842767,3.373771563,15.17621865,4.017760982,
PR,3760,WAKE,90,13.56073226,10.0995174,13.2086481,5.306645113,
PR,3770,WAKE,55,22.45795447,9.957763274,9.627514691,5.550709016,
PR,3780,WAKE,150,1.391666741,5.049215314,22.88204463,7.641691664,
PR,3790,WAKE,225,-0.096022735,0.123574469,25.07708284,6.05542193,
PR,3800,WAKE,235,0.028796423,0.069372638,25.08126185,4.547767137,
PR,3810,WAKE,215,0.144941186,0.115214259,24.77759821,6.367041288,
PR,3820,WAKE,220,0.142877815,0.112452279,24.15767482,5.794618747,
PR,3830,WAKE,155,0.087332838,0.056619059,22.75022884,8.701821519,
PR,3840,WAKE,185,0.089314202,0.072151333,22.70414256,7.438406061,
PR,3850,WAKE,195,0.090772297,0.071051465,23.70920612,6.12153966,
PR,3860,WAKE,225,0.130997528,0.100085906,25.00014615,5.237723652,
PR,3870,WAKE,220,0.162388539,0.128409258,24.49507548,5.490902643,
PR,3880,WAKE,225,0.101176399,0.056555037,25.13645977,5.550736347,
PR,3890,WAKE,190,0.092652801,0.067041841,24.87794351,7.317612308,
PR,3900,WAKE,185,0.215309867,0.413278978,22.95247396,8.266479512,
PR,3910,WAKE,205,0.266119201,0.591138476,23.38351613,6.671526494,
PR,3920,WAKE,190,0.662683651,0.652625693,22.45649932,8.998252733,
PR,3930,WAKE,110,10.47250589,11.74443371,15.88568329,7.359038112,
PR,3940,WAKE,75,14.67230805,10.99049744,14.40614897,10.2545772,
PR,3950,WAKE,170,1.708203235,4.253686865,19.15571513,6.609092578,
PR,3960,WAKE,115,7.626350062,10.72950839,18.91398871,9.306622374,
PR,3970,WAKE,145,8.106550926,12.06048821,18.18239558,6.708159133,
PR,3980,WAKE,145,4.976195552,6.825928841,20.86468635,12.71611509,
PR,3990,WAKE,80,16.29702425,12.07669446,14.52511522,10.09009615,
PR,4000,WAKE,130,5.990622483,7.432323188,19.56745167,9.591278731,
PR,4010,WAKE,185,1.368304305,2.020097701,20.60589397,7.702693695,
PR,4020,WAKE,195,0.078343778,0.130961086,23.3285249,7.033880124,
PR,4030,WAKE,175,0.159097043,0.115215543,22.69866354,7.418983054,
PR,4040,WAKE,205,0.120613777,0.112620264,23.26569762,7.622096136,
PR,4050,WAKE,240,0.300033083,0.700393825,27.32209401,8.652865676,
PR,4060,WAKE,170,0.381266787,0.962763837,21.60706888,8.449419849,
PR,4070,WAKE,105,9.746223309,9.95214478,16.74656322,8.9253643,
PR,4080,WAKE,110,8.470711319,10.95597907,19.55373688,10.52971201,
PR,4090,WAKE,145,11.61256631,9.803934425,21.1116891,13.81069801,
PR,4100,WAKE,75,7.80998871,7.816444149,14.32058694,8.559794713,
PR,4110,WAKE,100,12.0995047,11.63321783,14.68413886,7.837438599,
PR,4120,WAKE,50,19.38924279,10.95542682,11.33504475,9.946829453,
PR,4130,WAKE,90,14.90257895,10.90681345,16.15232104,11.49398733,
PR,4140,WAKE,85,20.53109974,12.14454618,10.47463215,5.002108391,
PR,4150,WAKE,95,20.58023031,10.73650261,13.85273885,7.502773621,
PR,4160,WAKE,175,10.4432174,11.7011002,24.46506065,14.97965939,
PR,4170,WAKE,140,14.12724831,13.8288549,17.82823924,7.886069491,
PR,4180,WAKE,140,14.62812233,11.22777253,17.99501168,10.44121949,
PR,4190,WAKE,105,10.8362745,10.79436411,19.78259908,10.53006342,
PR,4200,WAKE,40,24.28813436,8.963422082,5.484498001,3.172908218,
PR,4210,WAKE,120,2.495757619,2.321414786,17.65689122,13.18291828,
PR,4220,WAKE,135,1.752265555,2.724720967,15.84571999,6.441689515,
PR,4230,WAKE,85,24.97057034,7.042309944,13.08743124,8.328304776,
PR,4240,WAKE,95,14.64397432,13.56791659,15.87672515,9.560777388,
PR,4250,WAKE,150,9.754278977,9.327895883,17.92436342,8.957177186,
PR,4260,WAKE,65,23.52909785,11.1755667,9.930036085,6.373814128,
PR,4270,WAKE,145,1.595770758,1.530649876,22.30161189,9.136834551,
PR,4280,WAKE,130,12.19517132,8.914320256,19.21597815,12.5713265,
PR,4290,WAKE,195,2.176089018,2.540583237,22.06616109,8.405644047,
PR,4300,WAKE,155,3.295403482,2.880473087,20.05046079,9.138201864,
PR,4310,WAKE,160,2.924860886,5.328987383,18.87620772,8.394727305,
PR,4320,WAKE,160,3.020331699,2.663476561,18.70391852,6.895854742,
PR,4330,WAKE,175,2.360093335,4.481488947,20.93575842,9.680666172,
PR,4340,WAKE,195,5.724038101,8.566911818,24.39715414,11.05921077,
PR,4350,WAKE,85,17.54157005,9.009978709,15.58906531,10.78206081,
PR,4360,WAKE,130,8.672423682,6.878768806,16.48786678,7.920268442,
PR,4370,WAKE,175,3.570069569,4.135399276,20.44797678,7.024128998,
PR,4380,WAKE,175,2.751195101,3.492976509,18.99304623,6.233306799,
PR,4390,WAKE,175,2.771813476,3.889966093,19.63041668,6.60494028,
PR,4400,WAKE,175,2.065568951,2.683271372,19.36941118,5.48071886,
PR,4410,WAKE,150,3.016542827,6.241565404,20.37762707,7.117292748,
PR,4420,WAKE,85,21.32180203,11.00630093,13.29935713,8.041964591,
PR,4430,WAKE,55,25.09970229,7.133511165,8.481056426,6.186255298,
PR,4440,WAKE,80,17.94495175,11.70841581,13.51097749,7.237109091,
PR,4450,WAKE,175,1.30837914,1.592504266,20.49695414,8.604153633,
PR,4460,WAKE,165,3.891328134,7.390097825,20.2926424,9.072983151,
PR,4470,WAKE,130,7.110756322,9.103334623,21.2048035,13.65886556,
PR,4480,WAKE,165,7.056812379,10.61346015,20.34520006,8.371952953,
PR,4490,WAKE,160,4.604710231,7.029087792,19.73706394,7.169288625,
PR,4500,WAKE,125,9.85940768,10.20416582,17.37083862,8.035115705,
PR,4510,WAKE,245,0.793962905,1.34891231,27.00009503,8.281408239,
PR,4520,WAKE,200,0.721607072,4.888538702,24.73259683,10.34426958,
PR,4530,WAKE,110,11.74987324,9.718645904,16.77231556,10.97008813,
PR,4540,WAKE,185,1.234523136,2.352537138,21.01555225,7.482313764,
PR,4550,WAKE,215,0.086302939,0.249293898,25.3212732,10.46809554,
PR,4560,WAKE,215,0.128186294,0.145337777,23.63315096,5.5873944,
PR,4570,WAKE,220,0.425203024,0.796603308,23.22899452,6.385722095,
PR,4580,WAKE,175,0.136921791,0.260557465,21.05688328,7.495949938,
PR,4590,WAKE,205,0.109026778,0.118327074,25.12916236,6.274572122,
PR,4600,WAKE,200,0.081731724,0.082576194,22.91904373,7.155440512,
PR,4610,WAKE,160,0.096975825,0.110068692,20.77160259,7.999127883,
PR,4620,WAKE,190,0.379874388,0.609989664,22.83291621,7.907415956,
PR,4630,WAKE,195,1.270624554,1.916970435,20.97770868,6.76301758,
PR,4640,WAKE,195,0.477552911,0.707428407,22.30642373,7.541962156,
PR,4650,WAKE,210,0.139241307,0.106677534,24.23284285,6.881716065,
PR,4660,WAKE,185,0.919528743,1.333468542,22.40579847,8.11576905,
PR,4670,WAKE,210,0.427347937,0.976357448,23.73848014,7.239000287,
PR,4680,WAKE,220,0.195218012,0.240318872,24.36355769,6.086459078,
PR,4690,WAKE,240,0.130364894,0.136455361,25.61087225,5.115691512,
PR,4700,WAKE,195,0.267484568,0.432692322,21.6863259,6.416557017,
PR,4710,WAKE,170,0.209956352,0.491698877,20.52276972,7.433582367,
PR,4720,WAKE,175,0.152938641,0.260633243,20.67090709,7.350986551,
PR,4730,WAKE,190,0.358705166,0.494328684,21.32833429,6.628325734,
PR,4740,WAKE,160,2.606695062,7.864704239,19.75327982,8.408916533,
PR,4750,WAKE,100,14.13160942,11.46858787,16.25073622,9.911938682,
PR,4760,WAKE,145,10.70534407,10.3122977,20.09041425,10.59034953,
PR,4770,WAKE,205,4.053139601,7.704945067,29.68256495,11.89202118,
PR,4780,WAKE,125,3.180881266,5.921396831,18.23877531,8.750972529,
PR,4790,WAKE,155,1.710860815,3.792289992,18.93160111,8.360186798,
PR,4800,WAKE,175,1.388922846,2.30784739,19.7307226,6.127053366,
PR,4810,WAKE,185,0.909012118,1.531966547,21.23559566,8.114285558,
PR,4820,WAKE,135,6.473792759,10.20302291,19.50772932,9.65957325,
PR,4830,WAKE,180,2.649202772,4.335703655,21.38018569,7.137312382,
PR,4840,WAKE,120,11.37161411,13.60123583,15.84469517,7.96100522,
PR,4850,WAKE,140,15.00097469,11.07955165,16.25495208,6.437751592,
PR,4860,WAKE,125,10.81214232,10.25257421,18.97393037,8.728485033,
PR,4870,WAKE,165,6.898033437,7.731620538,23.34722408,12.07781459,
PR,4880,WAKE,145,3.793171706,6.827387626,18.99153755,6.24833244,
PR,4890,WAKE,140,16.30562157,7.714133381,18.79034091,8.703374931,
PR,4900,WAKE,160,13.1812438,9.253753145,20.05957832,7.991444954,
PR,4910,WAKE,140,7.196092632,8.907189289,18.49526796,9.035944181,
PR,4920,WAKE,145,6.979043096,9.622706265,21.86715677,14.056289,
PR,4930,WAKE,115,9.792142737,10.83895121,19.8226498,10.71879994,
PR,4940,WAKE,130,5.657765844,8.36458768,18.43189783,8.438937053,
PR,4950,WAKE,90,9.837995953,11.00859051,15.08694323,6.169807723,
PR,4960,WAKE,45,22.02604923,10.65745714,8.770226941,7.229597212,
PR,4970,WAKE,110,11.04585446,9.359641702,15.60137688,7.737651482,
PR,4980,WAKE,140,14.42487437,12.06041611,16.32631979,6.121838722,
PR,4990,WAKE,155,7.088335246,11.76807039,19.72250006,9.274866982,
PR,5000,WAKE,145,14.16322863,8.947924866,17.24039808,6.588855257,
PR,5010,WAKE,190,6.863730138,8.597367481,23.60927599,10.42467705,
PR,5020,WAKE,185,10.75345257,10.60618539,21.42060239,8.0050672,
PR,5030,WAKE,50,24.20784692,7.135805818,8.728831217,6.189920094,
PR,5040,WAKE,70,17.50671488,12.26744464,14.88754676,9.305080365,
PR,5050,WAKE,90,11.76170534,12.11184265,14.15937342,9.700183062,
PR,5060,WAKE,55,18.81646717,12.47390613,10.28145965,7.781657848,
PR,5070,WAKE,120,11.17256577,9.125440248,18.83397452,9.839351391,
PR,5080,WAKE,160,4.066973066,5.557945943,19.90053176,6.949773961,
PR,5090,WAKE,195,0.410718162,0.77492076,21.7361039,6.753532494,
PR,5100,WAKE,160,0.543460419,0.797437138,20.03356808,8.268067563,
PR,5110,WAKE,210,1.947756862,2.459888817,22.26490892,5.792388467,
PR,5120,WAKE,210,0.638939529,0.447258325,23.57461208,7.235805583,
PR,5130,WAKE,190,0.233405459,0.242875899,21.96203022,6.532647489,
PR,5140,WAKE,180,0.516957769,0.699614386,21.66329097,6.911213036,
PR,5150,WAKE,175,1.278235803,1.689132083,19.8180924,7.475983848,
PR,5160,WAKE,160,0.832035998,1.280127468,18.9957693,7.396541999,
PR,5170,WAKE,165,1.042624225,1.241134576,19.16221752,7.527924265,
PR,5180,WAKE,185,0.99505842,1.289553912,20.55574061,7.623761776,
PR,5190,WAKE,155,2.347173285,2.57214219,17.86250315,6.082585223,
PR,5200,WAKE,150,9.420905809,9.82772881,22.06640844,13.76056684,
PR,5210,WAKE,90,13.38041128,11.98485764,16.17140935,8.030881344,
PR,5220,WAKE,160,9.247019201,9.549031124,21.80059183,12.36178353,
PR,5230,WAKE,85,22.79989135,7.858120187,11.95111585,6.42606385,
PR,5240,WAKE,105,20.5898401,13.04979339,15.46921471,9.051913691,
PR,5250,WAKE,115,16.0551405,10.68273513,18.1458215,10.67385865,
PR,5260,WAKE,35,22.26541081,7.973617491,7.428553763,6.59270918,
PR,5270,WAKE,185,5.096386951,4.746154929,20.33670686,7.064167873,
PR,5280,WAKE,205,4.352039577,6.346793989,24.47897355,10.89537183,
PR,5290,WAKE,165,7.03662084,10.09214153,19.09195253,6.241705707,
PR,5300,WAKE,200,7.756884388,7.511066298,23.69946033,9.089431291,
PR,5310,WAKE,210,3.158545713,2.785710371,23.33917217,7.32495039,
PR,5320,WAKE,225,3.414043771,3.509440085,24.10382172,6.733843384,
PR,5330,WAKE,200,3.270586072,3.19104185,22.59972556,7.135545443,
PR,5340,WAKE,205,3.676202517,5.949936965,22.49188092,6.45307876,
PR,5350,WAKE,160,5.485491282,10.77081645,20.05947996,7.887801783,
PR,5360,WAKE,120,5.471436306,5.561963097,19.49027669,10.21433346,
PR,5370,WAKE,155,4.668956767,7.030982166,19.22754178,9.529128982,
PR,5380,WAKE,155,3.835744822,7.181270872,18.85431471,6.25590634,
PR,5390,WAKE,150,5.714685926,8.155987421,20.32572587,10.01962111,
PR,5400,WAKE,165,3.211316259,5.879102969,18.46955053,6.990956657,
PR,5410,WAKE,195,2.76496129,6.44800994,23.56212344,9.15694768,
PR,5420,WAKE,160,9.129881362,8.953628637,20.04799744,9.591698412,
PR,5430,WAKE,160,5.423395842,9.50072445,21.44513624,8.532451897,
PR,5440,WAKE,120,13.66637436,8.634232315,19.07282965,12.1404598,
PR,5450,WAKE,135,9.115723819,10.57548533,19.56023374,11.9015144,
PR,5460,WAKE,205,4.744097219,6.223311718,23.83302646,9.454858949,
PR,5470,WAKE,160,8.054328419,10.47329239,22.40785896,13.73960955,
PR,5480,WAKE,165,7.329574379,6.566806282,18.20612633,6.74319383,
PR,5490,WAKE,195,3.854799689,4.649755017,23.38609088,10.74674127,
PR,5500,WAKE,145,8.498702299,8.66989259,18.41953128,7.776508195,
PR,5510,WAKE,225,2.759025564,3.954757795,24.32476206,7.245309914,
PR,5520,WAKE,265,0.898128358,0.942783331,28.61441587,8.128749857,
PR,5530,WAKE,230,1.63433931,2.426787902,24.86737918,6.426676083,
PR,5540,WAKE,240,2.293189212,3.212289245,25.6725373,6.652528251,
PR,5550,WAKE,250,1.698054973,4.79149225,27.09257448,7.019698661,
PR,5560,WAKE,210,1.448342173,2.281776136,24.99818064,9.237527251,
PR,5570,WAKE,225,2.350976894,2.831918748,25.08087202,8.291819561,
PR,5580,WAKE,230,1.795686999,2.258343097,25.59879721,8.659906117,
PR,5590,WAKE,205,1.74674993,1.563857629,24.7037137,9.158413354,
PR,5600,WAKE,210,1.971785064,2.399442444,24.24466927,8.463928024,
PR,5610,WAKE,135,13.38686557,11.11320902,18.97336168,9.813024222,
PR,5620,WAKE,160,17.29134077,10.82561226,17.88803026,6.949126384,
PR,5630,WAKE,140,17.49419279,12.2544464,17.24566561,8.250707102,
PR,5640,WAKE,165,15.60658822,11.78447199,21.20601818,11.29767797,
PR,5650,WAKE,210,14.00563429,9.890416855,26.09556638,14.39206674,
PR,5660,WAKE,145,17.83454613,10.43988948,18.67218081,8.381867521,
PR,5670,WAKE,140,19.3117733,9.540576685,18.00347063,7.891929778,
PR,5680,WAKE,135,15.21507633,12.74557823,17.67677028,8.561759131,
PR,5690,WAKE,185,11.79453271,9.835982887,21.46225748,7.584637187,
PR,5700,WAKE,125,12.492102,9.55971517,16.76964228,6.995252284,
PR,5710,WAKE,135,9.319979533,10.42721206,18.34996767,7.857349209,
PR,5720,WAKE,70,20.120892,13.95115691,9.781761194,5.50354366,
PR,5730,WAKE,65,17.10415789,12.26153944,10.40538164,8.52263483,
PR,5740,WAKE,75,19.47686579,13.58665259,12.27126987,7.50554051,
PR,5750,WAKE,65,16.55701935,15.42365385,9.979843382,6.137212299,
PR,5760,WAKE,75,19.52532579,12.02299322,14.09177743,9.773144509,
PR,5770,WAKE,75,20.97274576,8.840508656,12.17824388,7.405995161,
PR,5780,WAKE,110,16.15904965,10.33252299,16.81470539,9.479547033,
PR,5790,WAKE,65,23.23418318,8.550136878,13.49216952,9.088015102,
PR,5800,WAKE,75,21.17324938,11.34886759,11.61425063,7.144383683,
PR,5810,WAKE,65,21.54046849,9.953138555,11.81682395,7.627302206,
PR,5820,WAKE,60,25.83830195,6.668401986,7.89800021,4.369784182,
PR,5830,WAKE,160,5.344145903,7.54664181,19.76211082,8.52052304,
PR,5840,WAKE,185,1.994216456,2.519138748,21.59460115,9.12289617,
PR,5850,WAKE,190,3.704359751,6.411845532,21.2246328,6.921856118,
PR,5860,WAKE,160,5.191854537,7.482865631,20.04318719,8.474098599,
PR,5870,WAKE,135,12.0183369,12.36293059,18.1011224,9.7749897,
PR,5880,WAKE,180,4.911598151,8.408912097,22.26748999,9.850014365,
PR,5890,WAKE,105,18.46221729,9.299244541,14.51243695,5.612132638,
PR,5900,WAKE,110,16.13314896,11.63356653,16.61940417,9.713205888,
PR,5910,WAKE,110,14.42307769,9.960132549,14.86513987,6.938701391,
PR,5920,WAKE,200,3.970652758,5.141736058,22.74620602,7.394947218,
PR,5930,WAKE,190,2.715625555,3.226290707,21.10359665,6.735031676,
PR,5940,WAKE,230,2.655873976,4.317245406,24.51480861,7.31864896,
PR,5950,WAKE,190,3.518711432,4.187034821,21.04664021,5.920973544,
PR,5960,WAKE,215,3.18541136,4.082620746,23.0454522,6.751870839,
PR,5970,WAKE,150,6.335703536,8.085108236,18.37146535,6.553267773,
PR,5980,WAKE,155,5.736483819,6.602019993,17.93752381,8.453766376,
PR,5990,WAKE,210,3.169917302,5.173604412,22.89527354,6.410924404,
PR,6000,WAKE,175,2.90411431,3.472855947,19.77192164,7.72224898,
PR,6010,WAKE,175,1.912063904,3.10345979,20.51643401,8.146234943,
PR,6020,WAKE,180,2.276363639,3.582223003,19.31874821,6.143071846,
PR,6030,WAKE,140,9.102081895,10.40037133,19.80994458,12.48544259,
PR,6040,WAKE,85,20.34822862,11.20481804,12.83976164,7.284708421,
PR,6050,WAKE,160,5.838037623,8.51351448,18.85391712,8.878272873,
PR,6060,WAKE,150,7.837165427,8.561244435,17.39118137,6.119328766,
PR,6070,WAKE,165,3.38227133,4.211776733,18.57868936,7.952473598,
PR,6080,WAKE,190,3.628318217,7.315592296,23.26117466,11.33330178,
PR,6090,WAKE,160,1.624686715,2.187020223,18.12140484,5.802573004,
